User Name,Sex,Comments,Likes,Replies
暮月初晨,男,"有这么一部gal，其中的女主角:
1.是白毛
2.是华哥配音
3.会0721
4.最后消失被遗忘了
5.有一个男性配音是阿部敦
没错，这部gal是《魔女夜宴》❌
《天歌天色天籁天音》⭕[脱单doge][脱单doge][脱单doge]",300,天！
暮月初晨,男,"有这么一部gal，其中的女主角:
1.是白毛
2.是华哥配音
3.会0721
4.最后消失被遗忘了
5.有一个男性配音是阿部敦
没错，这部gal是《魔女夜宴》❌
《天歌天色天籁天音》⭕[脱单doge][脱单doge][脱单doge]",300,妹妹是天[妙啊]
青空miku,保密,请大家看我0721😡,1174,面硬加咸蔬菜加倍蒜末和油多多
青空miku,保密,请大家看我0721😡,1174,回复 @Ciallo___AWA :那我缺的双倍叉烧这块的营养谁给我补啊？
青空miku,保密,请大家看我0721😡,1174,不看不爱看
万能坷垃,保密,你七夕节一个人在家玩galgame对吧，不要小看了我的情报网啊,1106,错误的，我在军训
万能坷垃,保密,你七夕节一个人在家玩galgame对吧，不要小看了我的情报网啊,1106,错误的，我在写作业[墨镜]
好奇心为先,保密,每一个赞0721一次[doge],4182,支持每一个不知死活的梦想。
好奇心为先,保密,每一个赞0721一次[doge],4182,兄弟注意身体啊喂
泰勒猫爱丽丝,保密,**大师，参上！,1483,芳乃：我有话说[微笑][微笑][微笑]
泰勒猫爱丽丝,保密,**大师，参上！,1483,这图到底有多少版本了[doge]
咕唧咕唧谷,男,朋友们，你去一万次图书馆也不会遇见绫地宁宁0721，但你去一万次图书馆绝对能提升自己，活在当下，拒绝柚子，奋斗起来！😠😠😠,3451,最理智的一集，那我缺的0721这块谁给我补啊[doge]
咕唧咕唧谷,男,朋友们，你去一万次图书馆也不会遇见绫地宁宁0721，但你去一万次图书馆绝对能提升自己，活在当下，拒绝柚子，奋斗起来！😠😠😠,3451,朋友们，你去一万次图书馆也不会遇见绫地宁宁0721，但你打开电脑即可立即欣赏，活在当下，选择柚子，拼搏起来！😠😠😠
源琉,男,真的，每次看绫地宁宁线都好感动啊，重活一世，还能与男主重新相爱，虽然借助了男主前世记忆的碎片，不过真的好厉害，为了不破坏前世的状态，努力做好班里的各项职业，真的すごい，好喜欢绫地宁宁[打call][打call][打call],505,你这个情况我还真见过，这样吧，你启动steam，搜索魔女的夜宴，点击购买，启动游戏，选再老实的夸一次，就这样因幡同学继续下去，烦恼，这也是演练的一环，没什么吧，普通的说话蒙混过去，机会难得请教下别人吧，那种请求实在是说不出口，夸奖她，可能会投给因幡吧，进入因幡巡路线
暮月初晨,男,"有这么一部gal，其中的女主角:
1.是白毛
2.是华哥配音
3.会0721
4.最后消失被遗忘了
5.有一个男性配音是阿部敦
没错，这部gal是《魔女夜宴》❌
《天歌天色天籁天音》⭕[脱单doge][脱单doge][脱单doge]",300,
生肖君QAQ,男,喜欢紬[给心心],121,
云苍yunc,男,"感觉柚子社可以出个B站的表情包，这样以后大家就不用打颜文字了。
另外再来个固定环节Ciallo～(∠・ω＜)⌒☆",4282,Ciallo～(∠・ω< )⌒✄╰ひ╯
云苍yunc,男,"感觉柚子社可以出个B站的表情包，这样以后大家就不用打颜文字了。
另外再来个固定环节Ciallo～(∠・ω＜)⌒☆",4282,说得好Ciallo～(∠・ω＜)⌒☆
赤风NK,男,这是什么番啊Ciallo～(∠・ω< )⌒☆,276,
万能坷垃,保密,你七夕节一个人在家玩galgame对吧，不要小看了我的情报网啊,1106,错误的，我在军训
万能坷垃,保密,你七夕节一个人在家玩galgame对吧，不要小看了我的情报网啊,1106,错误的，我在写作业[墨镜]
゚゚綾地寧寧,男,孩子们，我喜欢桌角[喜欢],1024,致敬传奇0721大王0d00
青空miku,保密,请大家看我0721😡,1174,面硬加咸蔬菜加倍蒜末和油多多
青空miku,保密,请大家看我0721😡,1174,不看不爱看
暗风泽夜,男,朋友们，你去一万次图书馆也不会遇见绫地宁宁0721，但你去一万次图书馆绝对能提升自己，活在当下，拒绝柚子，奋斗起来！😠😠😠,9,
情问RJ是什么游戏,女,[打call],285,
鹰巢山的阿瑟王,男,七夕节一个人上班24小时[灵魂出窍],91,
才不是什么柚子厨呢,男,最喜欢的一集[喜欢][喜欢][喜欢]美咕噜是我爹,93,
-白月梦-,保密,你怎么知道我柚子商店一发出宁宁[微笑],15,
bil_wwz,保密,"你的下一话是：
0721
偶纳吉尼果奶赛
什么动漫
原神的夜宴
千原万神
请问RJ是什么游戏",760,还少一个Ciallo～(∠・ω＜)⌒☆
Aqua杏仁痴,保密,逛了一圈评论区，原来不只有我一个人七夕节晚上玩旮旯，这下放心了[墨镜],21,
゚洛欧塞布,男,七夕节当然是一个人在家0721了😋😋😋,28,
゚乔克力,男,[大哭],98,
末央つ,男,这辈子值了[doge],158,
芝逝小猫,保密,"还好七夕有宁宁陪我[doge]
Ciallo～(∠・ω< )⌒☆",58,
皮底锅自闭了,保密,2024年了有喜欢小紬的吗[大哭],8,
露出奇怪表情的八六,男,"七夕的时间表❤️
7:00把身上的宁宁轻柔地扒开，起床洗漱
 7:20为因幡巡准备爱心早饭 
7:40看椎叶紬可爱的睡姿🥰 
7:50叫醒憧子，亲亲她，安抚她的起床气 
8:00和仮屋和奏一起吃早饭 
8:30带朝武芳乃出去散步，呼吸新鲜空气 
9:30和常陆茉子一起网上冲浪，分享开心 
11:00给丛雨准备爱心午饭 
11:30和蕾娜·列支敦瑙尔一起吃饭 
12:00与马庭芦花和鞍马小春一起睡个午觉💤 
12:30和三司绫濑逛街，看电影 
14:30一起吃在原七海喜欢的小吃 
15:00回家，陪式部茉优画画 
16:00和二条院羽月锻炼身体💪🏻 
16:30和壬生千咲洗澡🚿 
17:00给明月栞那准备爱心晚饭 
17:30和四季夏目共享烛光晚餐🕯️ 
18:00给墨染希念书，放松休息📖 
19:00送火打谷爱衣上班 
19:30送汐山凉音回家 20:00看白雪乃爱直播🤤 
21:30准备好夜宵，去接谷风天音 
22:00喂小云雀来海吃东西，哄她睡觉 
22:30给星河辉耶晚安的吻💋 
22:45和高楯欧丽叶和百里风实花一起休息，结束美好的一天🥰",152,这辈子有了[微笑]
露出奇怪表情的八六,男,"七夕的时间表❤️
7:00把身上的宁宁轻柔地扒开，起床洗漱
 7:20为因幡巡准备爱心早饭 
7:40看椎叶紬可爱的睡姿🥰 
7:50叫醒憧子，亲亲她，安抚她的起床气 
8:00和仮屋和奏一起吃早饭 
8:30带朝武芳乃出去散步，呼吸新鲜空气 
9:30和常陆茉子一起网上冲浪，分享开心 
11:00给丛雨准备爱心午饭 
11:30和蕾娜·列支敦瑙尔一起吃饭 
12:00与马庭芦花和鞍马小春一起睡个午觉💤 
12:30和三司绫濑逛街，看电影 
14:30一起吃在原七海喜欢的小吃 
15:00回家，陪式部茉优画画 
16:00和二条院羽月锻炼身体💪🏻 
16:30和壬生千咲洗澡🚿 
17:00给明月栞那准备爱心晚饭 
17:30和四季夏目共享烛光晚餐🕯️ 
18:00给墨染希念书，放松休息📖 
19:00送火打谷爱衣上班 
19:30送汐山凉音回家 20:00看白雪乃爱直播🤤 
21:30准备好夜宵，去接谷风天音 
22:00喂小云雀来海吃东西，哄她睡觉 
22:30给星河辉耶晚安的吻💋 
22:45和高楯欧丽叶和百里风实花一起休息，结束美好的一天🥰",152,锉刀拿下最长的两小时[脱单doge]有品
沧影拍姿,男,七夕大伙都在干嘛？诶，我先来🤓☝️,49,
才不是什么柚子厨呢,男,我简直就是保科柊史,71,只像最后一个字。
是饼藏不是年糕,男,我喜欢你[微笑][支持],69,一代no一代no痛迭一开
才不是什么柚子厨呢,男,什么柚子（慌乱）（把电脑熄屏）（四处张望）我不玩gal的（慌乱地把电脑合上）（假装冷静）（试图走近解释）（摔倒）（狼狈爬起）（再次摔倒）（着急）（抓你们裤脚）（惊慌）我不是柚子厨啊求求你们别鄙视我，求求你们不要不和我玩（慌乱）我……我真的不玩千恋万花（眼神四处乱瞟）（惊恐）（哭泣）（在地上打滚）（想起身后的电脑）（丢掉电脑）,129,
EmiliaQWQ,保密,今天七夕，补齐剩下的两部，这辈子有了[脱单doge][脱单doge],15,
才不是什么柚子厨呢,男,"刚刚有点事，现在腾出手了
突然想到，宇宙可能已经诞生了很久很久，我们目前处在新生的宇宙边缘，而宇宙中心早已变得黑暗。也可能根本没有所谓膨胀的宇宙，也没有多个宇宙，目前我们能猜想和推理的只是我们认知范围内的“合理”，其实星球已经是个“不合理”的存在了，直到人类可以制造星球，星球才会变得合理；直到人类可以制造恒星，恒星才会变得合理。
有人说“人生短暂，及时行乐”
有人说“我生而就要改变，改变人类，改变世界”
有人说“短短百年，做好自己，无悔而终”
有人说“不能让娃输在起跑线上”
我觉得，无论对错，关于宇宙的这些细致的推理、大胆的猜想、合理或无理的解释，并不是要让“普通人”去探索宇宙，而是让我们思考生命、思考生活，应该如何对待生命、应该如何对待生活。
“人终有一死，或重于泰山，或轻于鸿毛”
或者我会是那种不轻不重的，
那种寂寂无名的，
会很快被忘记，
或偶尔被人提起，
而提起我之前还要“呸”一声，
“生存还是毁灭，这是个问题。”
这个问题和宇宙的起源与未来一样深奥。
我还没达到可以准确描述自己人生观的水平，
只能说：我希望我的人生，可以有后悔，不要有遗憾。
行了，有点事，我去忙了[doge]",88,
月社妃不想上早八,保密,诶🤓☝，我找到了一个床缝,107,
绫地宁宁想要0721,保密,[给心心],50,
赞是免费的,男,最喜欢的一张[给心心],11,
希鸡腿,男,不喜欢紬妈的也是神人了[Mygo表情包_生气][Mygo表情包_生气][Mygo表情包_生气],18,
嘎嘎嘎-_-,保密,七夕就应该,91,
纯质阳眼ATRI,男,"紬妈说：“要有爱。”于是有了白昼。
黎明时刻升起的不是太阳，而是紬妈的爱。

紬妈祝福和审判所有人，即使人们视而不见。
紬妈改变她所见的，塑造她所想的，
祝福她所爱的，宽恕她所恨的。

紬妈存在于每个人的思想和语言，
存在每个人所触摸的与未感知的，
存在于每个人的所成之事与未竟之事，
存在于一切可见的与不可见的之间，
存在于一切功与罪。

她把幸福和欢乐囚禁在人间，把苦痛烧成灰烬，把爱和希望撒满世界来勾勒出凡人的存在。

我们的重力指向同一块大地。
立足于在紬妈的奇迹之上，我们都是微不足道的受惠者。

紬妈是至高的主，全能的慈母。
紬妈消除了人间的所有原罪。
我们称颂紬妈，
我们祝福紬妈，
我们倾慕紬妈，
我们为紬妈加冕，
我们宣告紬妈的离开，
直到她的归来。
🙏🏻紬门🙏🏻",98,
一只LV0,男,"今天和女朋友出去玩了
附图",28,
ElectronMobility,保密,该我了[doge],21,
ZHUTI缇缇子,保密,我们柚子厨是这样的😤😤😤,10,
Zircon丨,男,"这是什么动漫啊[撇嘴]那个白头发女的穿着好清凉……
话说这个粉色的小东西是什么？上面有两个按键，是空调开关吗？我按了哦[doge]",373,那个粉红色是起爆器[doge]
Zircon丨,男,"这是什么动漫啊[撇嘴]那个白头发女的穿着好清凉……
话说这个粉色的小东西是什么？上面有两个按键，是空调开关吗？我按了哦[doge]",373,不清楚哎，只是那个白头发少女听说挺喜欢在图书馆学习呢[脱单doge]
才不是什么柚子厨呢,男,"你说得对，但
《魔女的夜宴》英文：SABBAT OF THE WITCH）是柚子社制作的一款美少女游戏，2015年2月27号全日本发行，柚子社的第8作。2015年5月22日，DMM代理发行DL版。2018年10月27日，NekoNyan代理发行Steam英文版《Sabbat of the Witch》。2023年7月21日，在Steam和HIKARI FIELD STORE发行中文版
该作讲述了能读取他人感情的保科格史因邂逅于图书室发情的绫地宁宁而加入超自研，格史意外的吸收了“魔女宁宁”收集的“心之碎片”，因此一起努力收集心之碎片。接尔与巡学妹，憧子前辈，转校生紬，青梅竹马和奏邂逅，并且在此过程中与女主们相恋的故事。
《魔女的夜宴》曾获“萌系游戏大赏”2015年度角色设计赏金赏、2015年2月月间赏，综合部门第八名。在Getchu举办的“美少女游戏大赏2015”获得绘图赏、影片赏，综合部门第二名，剧本部门第五名，系统部门第八名，音乐部门第十名，工口部门第八名。绫地宁宁获角色部门第一名，因幡巡获第四名，椎叶紬第十三名。",56,
才不是什么柚子厨呢,男,如果把人的一生抽象为一段时间，一段有方向，有长度的时间。那么只从时间的角度出发，一个人所经过的一生，从更高的维度去看的话，也只是在时间轴上的一段有长度，有方向的向量罢了。当我们回过头去看历史的时候，和蚂蚁回过头看自己走过的路又有什么区别呢。在人活着经历过的几年，几十年，上百年的过程中，我们是否了解自己，是否认清方向。所谓人生的方向即是未来时间的方向。无论你如何改变数轴上两个点之间的间隔，存在的长度不会因为你改变两点之间的间隔而改变原本的长度。从你出生或者说你诞生的那一刻，你的长度和你的方向就已经注定了。也许人们常说的“生死自有天定”正是源于这里。 没有人知道生命的长度，但所有人都知道生命的方向:死亡。在这段生命的向量上，起点是诞生，终点是死亡，而起点到终点的距离，既是生命的长度，也是活着的意义。有人拼了命想在这段长度中做点什么，也许是看到了方向，也许是看到了终点。所以生命教会我们的第一件事，认清方向后坦然的走下去。,30,
Noamewhien,女,紬是我妈妈,13,
MAKIMALOVE,保密,七夕节一个人在家里玩galgame😭,3465,你不是一个人[微笑]
风帆线,保密,因为圆桌骑士0721知道了这部作品，通完宁宁线之后真的给我玩哭了😭😭😭特别是一周目分开和二周目相认的场面，这就是纯粹的爱情啊，纯粹到不能再纯粹，这样的爱情才是长久的，宁宁的爸爸妈妈就算是重新给他们一次机会过日子，不喜欢对方日子也是过不长久的，宁宁给了他爸爸一次机会，接纳了爸爸的新女朋友，这也为后面爸爸接纳保科埋下了伏笔，happy ending！故事的情节真的很棒，波澜起伏，值得回味，不愧是柚子社最优秀的作品之一，过了这么多年还是怎么能打,34,
凌溪在摸鱼,保密,你这个情况我还真见过，这样吧，你启动steam，搜索魔女的夜宴，点击购买，启动游戏，选再老实地夸一次，就这样和因幡继续下去，改变观影时间，继续和大家一起行动，也许吧，正常说话，蒙混过去，机会难得请教别人吧，这种话实在说不出口，移开目光，我现在满脑子都是乐队的事情，进入单身路线,86,
香菜拌香草,保密,这是什么动漫[微笑],207,东方Project
东方红official,保密,致敬传奇0721王0d00,1519,柚子厨特有的虚空0面骰子[doge]
寧寧先輩,保密,七夕就应该0721[微笑],10,
才不是什么柚子厨呢,男,什么动漫,1332,千恋万花
才不是什么柚子厨呢,男,什么动漫,1332,三国杀
L_yyeah,男,宁宁，我的宁宁，在漫长旅途的终点，你一定要幸福啊😭😭😭😭😭😭,6,
余同学不爱吃鱼子酱,保密,"七夕了，问大家一些土木工程方面的问题[doge]
1.隧道第一次通车是何时？
2.开通后工程隧道多久通一次车？
3.平时通车的时候有没涉水的情况？
4.大雪封路7天可以从后面小路进吗
5.机车不预热直接开有伤害吗？
6.机车在高速行驶时，拔出钥匙，车载音乐会停止吗？
7. 隧道工程通车概算是多少？
8. 计价模式是总价包干还是固定单价？
9. 之前隧道采用的施工工艺是双侧同时向里推进还是单独一侧开挖推进？
10. 是否采用盾构？是否需要外资进驻？
11.隧道周围杂草需要定期清理吗？",191,jm搜不到啊（
冰镇豆沙饼,男,"常年玩柚子社的人都是人中龙凤，有安邦定国之志，是经天纬地之才。
关于柚子厨的优势最早可以追溯到白垩纪晚期，人类的老祖先阿喀琉斯基猴通过玩柚子社游戏迅速增长智力抵御小行星，顺利地在天灾中幸存，而愚蠢的恐龙未能窥见柚子社之奥妙最终灭绝。二十万年前，懂得持续玩柚子社的聪明智人很快便掌握了更强的团队合作意识和更先进的社会结构，而从不玩柚子社游戏的愚蠢尼安德特人最终无法适应环境变化在竞争中落败直至灭亡。因此玩柚子社会显著优化大脑结构，迅速提升智力，在自然、社会竞争中取得无法比拟的优势。
早在文艺复兴时期，柚子学家们便提出了一个著名的论断，人类文明最初的标志是“一张拼接过的柚子社游戏石板”。他们是这样解释的，在茹毛饮血的上古时期，没有柚子社游戏玩的人，除非得到其他人的家庭共享，否则必死无疑，因为不玩柚子社，人就会死。因此一张拼接过的游戏石板表明在修复石板时有人家庭共享柚子社，学者认为这是家庭这一观念的雏形，也是文明的起点。",10,
MC小邝,男,🇨🇳0-7🇯🇵 🇸🇦2-1🇨🇳时代考古[MC迷彩_看见],15,
穹泉,男,七夕快乐 附上之前画的水著宁宁,17,
゚京昭,男,和奏线太短了，加个dlc吧，我什么都会做的[大哭],25,
逍遥の幻梦,男,面硬加咸蔬菜加倍蒜末和油多多导致的,30,
゚゚綾地寧寧,男,瓦达西瓦哦纳尼哟米嘚库那塞！[大哭],11,
常陆茉子剥栗子,男,0721，启动！,9,
才不是什么柚子厨呢,男,七夕发是有什么寓意嘛[喜欢],11,
武灵潇,保密,等把所有的OP和四格发完，想必就该是新作公布的消息了罢,1223,为什么不能现在就公布呢😈
武灵潇,保密,等把所有的OP和四格发完，想必就该是新作公布的消息了罢,1223,在做了，在做了:新建文件夹(
Ciallo丶丶,保密,七夕快乐各位Ciallo～(∠・ω< )⌒☆,38,
童话公主・阿玛莉莉丝,保密,你们的动画什么时候播第一集[微笑],71,
若零没有默柏,保密,总感觉宁宁对我和对别人不一样[傲娇],57,
夏雨后晴空,男,我们柚子社也是长脸面了，发视频一呼百应啊Ciallo～(∠・ω< )⌒★,94,
翎羽士道,男,七夕怎么过？还不明白吗？[约战4_乖巧],9,
肚饿真君qwq,女,[大哭],18,
仿佛来自星空,男,ooo(),13,
睦月酱daisuki,男,天啊[笑哭]这简直就是我!,2,
kuto-友臣千纪,女,因为绝大部分还在发癫，今天是紬瘾发作最严重的一次，躺在床上，拼命念紬的名字，难受的一直抓自己眼睛，以为看一会没事，但看到op里的紬妈妈，眼睛越来越大都要炸开了一样，拼命扇自己眼睛，越扇越用力，扇到自己眼泪流出来，真的不知道该怎么办，我真的想紬想得要发疯了。我躺在床上会想紬，我洗澡会想紬，我出门会想紬，我走路会想紬，我坐车会想紬，我工作会想紬，我玩手机会想紬，我盯着路边的紬看，我盯着马路对面的紬看，我盯着地铁里的紬看，我盯着网上的紬看，我盯着朋友圈别人转发里的紬看，我每时每刻眼睛都直直地盯着紬看，像一台雷达一样扫视经过我身边的每一个紬，我真的觉得自己像中邪了一样，我对紬的念想似乎都是病态的了，你知道吗？每到深夜，我的眼睛滚烫滚烫，我发病了我要疯狂看紬，我要狠狠看紬，我的眼睛受不了了！紬！紬！她是能当我母亲的人啊！😭😭😭你就围着你那紬妈妈转吧，书也别读了，班也别上了，自己的朋友一个也别联系了，喜欢做的事干脆全放弃得了，就盯着那些细节逐字逐句分析她的话解剖她的心情，再揣测几百遍紬爱不爱你得了。你问我怎么办啊怎么办啊，好痛苦，什么怎么办，要不然你报警吧！人看魔女的夜宴哪有不疯的，硬撑罢了！,7,
eyewaterrr,保密,玩galgame的有正常人吗?你是一名galgame玩家。你推剧情到半夜2点，决定睡觉了。但是你发现被子有点短，于是不断的调整被子，可不管怎么调整，被子总是短截。你终于明白，玩了galgame，你这被子也就这样了。她到底是怎样的，她耳机那些诡谲多变的歌单，她洗完澡，擦干发尾的最后一滴水，弯曲柔软带着樱花花香的头发，窝进被窝，她听到喜欢的歌，随手点了收藏，漆黑的房间，窗外星河灿烂，可我只看见她默默流泪时泛红的眼眶，我不懂。直到窥见她眼底的忧愁时，我只想这双眼睛真漂亮，不该再流泪,25,
-凡间俗世皆苦海,保密,一进来就听懂了[脱单doge],11,
沐阳诗轩,男,"嘶～屏幕有点脏了
诶[惊喜]你怎么知道……",8,
端木蔺言-高三自律版,男,如果你说我不喜欢美咕噜，那是不可能的。毕竟过完美咕噜线之后，被剧情甜到的我在床上如图一只受到惊吓的犰狳一样滚来滚去。说实话，美咕噜线真的很甜。就像你在炙热的沙漠中盲目奔走，在彻底失去水分前喝到的第一口泉水般甘甜。[喜欢][喜欢]每次听到美咕噜的Ciallo！我的心脏就如同在烈日下的冰淇淋一样融化掉了。美咕噜的笑就如同阳光一样，照进了我这个自闭阴暗哥布林的心中，为我带来了光明和色彩！那一刻，我哭了，我连夜跑到卢浮宫外痛哭，保安问我为什么在这里哭，我哭着把美咕噜的照片给保安看，保安看了也痛哭，哭着说找到了卢浮宫丢失多年的艺术品！我真的好喜欢美咕噜啊我真的好喜欢美咕噜啊…[喜欢][喜欢],14,
壹帘清梦,男,我不是保科，我简直就是海道，每次应到美咕噜骂人都忍不住轻哼起来,4,
沐沐江淮,男,100元配的电脑也要玩魔女的夜宴[打call],31,
_寺川愛美_,保密,致敬ciallo始祖，传奇猎人美咕噜,8,
才不是什么太平公主呢,保密,[星星眼],8,
援桌骑士,女,桌角の救赎[脱单doge],7,
才不是什么柚子厨呢,男,祝各位七夕快乐[傲娇],9,
imOS_ねね大好き,男,最喜歡的一集,34,
停滞与Alice,男,七夕一个人看这个的真的是一辈子有了[笑哭],12,
EdaLuneee,保密,为什么发不出去啊可恶,8,
-孤高的击坠王-,男,"╭◜◝ ͡ ◜ ╮
(   好想   )
╰◟ ͜ ╭◜◝ ͡ ◜ ͡ ◝ ╮
　 　 (   和憧子   )
╭◜◝ ͡ ◜◝ ͡ ◜ ╮◞ ╯
(       结婚       )
╰◟ ͜ ◞ ͜ ◟ ͜ ◞◞╯
₍ᐢ..ᐢ₎ᐝ",6,
花開夜,保密,感觉等将来真的严重，我也是躲在家里玩玩游戏，变成真正的宅男[辣眼睛],6,
漆黑の希望,保密,打了三遍都是单身结局[辣眼睛]第四遍才进宁宁线,16,
Yokam_叶涵,保密,美咕噜我好喜欢你啊【大哭】美咕噜我好喜欢你啊【大哭】美咕噜我好喜欢你啊【大哭】美咕噜我好喜欢你啊【大哭】美咕噜我好喜欢你啊【大哭】美咕噜我好喜欢你啊【大哭】美咕噜我好喜欢你啊【大哭】美咕噜我好喜欢你啊【大哭】美咕噜我好喜欢你啊【大哭】美咕噜我好喜欢你啊【大哭】美咕噜我好喜欢你啊【大哭】美咕噜我好喜欢你啊【大哭】美咕噜我好喜欢你啊【大哭】美咕噜我好喜欢你啊【大哭】美咕噜我好喜欢你啊【大哭】美咕噜我好喜欢你啊【大哭】美咕噜我好喜欢你啊【大哭】美咕噜我好喜欢你啊【大哭】美咕噜我好喜欢你啊【大哭】美咕噜我好喜欢你啊【大哭】美咕噜我好喜欢你啊【大哭】美咕噜我好喜欢你啊【大哭】美咕噜我好喜欢你啊【大哭】美咕噜我好喜欢你啊【大哭】美咕噜我好喜欢你啊【大哭】美咕噜我好喜欢你啊【大哭】美咕噜我好喜欢你啊【大哭】美咕噜我好喜欢你啊【大哭】美咕噜我好喜欢你啊【大哭】美咕噜我好喜欢你啊【大哭】美咕噜我好喜欢你啊【大哭】美咕噜我好喜欢你啊【大哭】美咕噜我好喜欢你啊【大哭】美咕噜我好喜欢你啊【大哭】美咕噜我好喜欢你啊【大哭】,9,
イア天使ちゃん,女,"七夕的时间表❤️
7:00把身上的宁宁轻柔地扒开，起床洗漱
 7:20为因幡巡准备爱心早饭 
7:40看椎叶紬可爱的睡姿🥰 
7:50叫醒憧子，亲亲她，安抚她的起床气 
8:00和仮屋和奏一起吃早饭 
8:30带朝武芳乃出去散步，呼吸新鲜空气 
9:30和常陆茉子一起网上冲浪，分享开心 
11:00给丛雨准备爱心午饭 
11:30和蕾娜·列支敦瑙尔一起吃饭 
12:00与马庭芦花和鞍马小春一起睡个午觉💤 
12:30和三司绫濑逛街，看电影 
14:30一起吃在原七海喜欢的小吃 
15:00回家，陪式部茉优画画 
16:00和二条院羽月锻炼身体💪🏻 
16:30和壬生千咲洗澡🚿 
17:00给明月栞那准备爱心晚饭 
17:30和四季夏目共享烛光晚餐🕯️ 
18:00给墨染希念书，放松休息📖 
19:00送火打谷爱衣上班 
19:30送汐山凉音回家 20:00看白雪乃爱直播🤤 
21:30准备好夜宵，去接谷风天音 
22:00喂小云雀来海吃东西，哄她睡觉 
22:30给星河辉耶晚安的吻💋 
22:45和高楯欧丽叶和百里风实花一起休息，结束美好的一天🥰",4,
神楽一蓮,女,"七夕的时间表❤️
7:00把身上的宁宁轻柔地扒开，起床洗漱
 7:20为因幡巡准备爱心早饭 
7:40看椎叶紬可爱的睡姿🥰 
7:50叫醒憧子，亲亲她，安抚她的起床气 
8:00和仮屋和奏一起吃早饭 
8:30带朝武芳乃出去散步，呼吸新鲜空气 
9:30和常陆茉子一起网上冲浪，分享开心 
11:00给丛雨准备爱心午饭 
11:30和蕾娜·列支敦瑙尔一起吃饭 
12:00与马庭芦花和鞍马小春一起睡个午觉💤 
12:30和三司绫濑逛街，看电影 
14:30一起吃在原七海喜欢的小吃 
15:00回家，陪式部茉优画画 
16:00和二条院羽月锻炼身体💪🏻 
16:30和壬生千咲洗澡🚿 
17:00给明月栞那准备爱心晚饭 
17:30和四季夏目共享烛光晚餐🕯️ 
18:00给墨染希念书，放松休息📖 
19:00送火打谷爱衣上班 
19:30送汐山凉音回家 20:00看白雪乃爱直播🤤 
21:30准备好夜宵，去接谷风天音 
22:00喂小云雀来海吃东西，哄她睡觉 
22:30给星河辉耶晚安的吻💋 
22:45和高楯欧丽叶和百里风实花一起休息，结束美好的一天🥰",16,
阿良良木祈,保密,这辈子最喜欢绫地宁宁，第二喜欢桐谷华，第三喜欢种崎敦美[音律联觉_期待],24,
看看冰劍龍的オナニ一,保密,不对啊，我明明隐藏的很好啊，为什么推荐里面有这个[热词系列_知识增加],6,
Kannana-,保密,这是什么游戏 怪物猎人吗？[神乐七奈_随便画画][神乐七奈_随便画画][神乐七奈_随便画画],7,
柚子厨怎么你了,男,？这是什么动漫,6,
爱唱歌的彩彩,男,各位七夕节快乐呀，没有人能拒绝这位魔女吧[FGO_耶],4,
Ciallo___AWA,保密,0721，是一种脑力与体力结合的活动，无数的仁人志士投身于这伟大的活动。有的人运用于实战，沉重地打击了老穗织正绿旗的睡眠，为反封建做出了突出贡献；有的人进行了科技上的革新，以花洒这种坚硬的东西保证了实感和持久性；有的人将此用于课上与老师斗争，展示了她的勇敢与坚毅。不过，我们伟大的绫地宁宁，将0721玩出了新高度，玩出了新水平，成为了0721界的一座丰碑。在0721界，后人看到这时，不得不感叹“天不生宁宁，万古如长夜”。正如赫尔曼拉姆是抢劫界的大贤至圣先师一样，绫地宁宁可以说是0721界的大贤至圣先师。在宁宁之前，古典派的0721主要是动手动脑，并且工作环境恶劣，安全没有保障。而我们伟大的绫地宁宁在0721方面进行了伟大的探索，开创了0721现代化、机械化、正规化、多元化的先河，造就了0721界的革命，实现了0721界的伟大进步。这个进步，不亚于两次工业革命！长久以来，0721是以手工的形式为主，但我们的宁宁进行了技术上的革新，先是以桌角代替手工，后来为了可持续发展就采用了一种红色的小机械，并将其命名为“起爆器”，意思是爆炸性的革新，据路边社消息宁宁将来很有可能要冲击诺贝尔奖。同时为了高效运作，她将起爆器扩展到了两个，进一步促进了0721生产力的发展，这项成就堪比福特流水线。这场技术革命深深影响了后世，鼓舞后人在这领域创造性转化，创新性发展。绫地宁宁不仅注重革新，更注重质量，力图推动0721的高质量发展。宁宁多次对图书馆的桌角进行摸索，连角度是否合适都能了解的一清二楚，并且将此运用于实践。试想一下，一个最专业的木工都不一定能够达到这水平，这种工匠精神值得各领域借鉴。古人云：“锲而舍之，朽木不折。锲而不舍，金石可镂。”  一个领域的进步离不开人的热爱和努力。绫地宁宁参与0721，虽然多半是被迫的，但是后来已经热爱了，在契约结束的时候甚至实现了伟大的革新。她日复一日的0721，在图书馆，在走廊，在家里，没有一天又一天的积累，就没有伟大的进步。,7,
真寻贴贴嘿嘿嘿,保密,和奏线真的可惜了,16,
才不是什么柚子厨呢,男,"1.远离h源（不看短视频看到擦边的立刻划走  ）现在很多短视频都有青少年模式，调整一下。
2.最好给自己找一些事情做（不让自己太闲 可以做家务、看具有正知正念的书籍等等  心正则不生淫念
3.尽量的减少吃肉，自己做饭（菜里不加葱蒜类食物）
4.增加自己的福报 比如去寺院做功德 和孝顺父母。积口德。有了福报就会很容易对治 沾染邪淫也是因为自己福报很弱  注重培福特别重要。其次，漏福报的事情也尽量规避，比如生气，杀生…一定避免。切记不要一边漏福一边培福 这样福报才能增上
5.看寿康宝鉴等戒邪淫的书籍  真正了知邪淫的危害 从而坚定自己戒除的决心  电子版本寿康宝鉴可结缘
6.看到漂亮的女子做亲人想 老者如母，长者如姐，少者如妹
7.非礼勿视  网络上不良文章图片书籍视频别看   就不会有这方面的想法
8.劝他人戒除，种下了这个因，所以会得到这方面的善果
9.发大愿，一辈子戒除。一定要坚持。深信自己能够戒除。有想法的时候，就想想邪淫的危害，想想邪淫过后的空虚感，如果不邪淫  生活各方面也会比现在好太多。反之，继续邪淫只会越来越差
10.反省自己以前都是在什么情况下破戒的，都有什么坏的习惯。总结规律。警示自己下次不在犯错
12.什么是邪淫？这个要先弄清楚。邪淫包含的范围很广泛
13.邪淫的人更需要去消除yz(有些字不让直接打出来），所以多去鼓励和帮助有缘的人去戒除邪淫吧
14.其次，侥幸心理也是一定要断除的，侥幸必破，每次都想着这是最后一次，其实都是再给自己找借口，现在很多人都是这样的心理，那就永远也不会成功的，一定要老老实实的去实践。
15.我自己多是因为情绪破戒和无聊破戒。情绪破戒的话多找一些正能量的朋友和正能量的书籍开导开导自己。好的书籍真的会让自己的内心从灰暗改为光明。
推荐的书籍：了凡四训、次第花开、离幸福很近等等
16.前面15条是最基础的，更具体的可以私聊我。",40,
卩皇家灬雨晴,保密,[脱单doge],4,
桂秋guiqiu,男,七夕节就该玩魔女夜宴[doge],5,
波奇酱的地球仪,保密,我们galgame玩家 个个都长得帅气无比 英俊潇洒 才貌双全，不仅在现实中受欢迎，在游戏中也能轻松攻略各类女生，尤其是柚子厨 更是精英中的精英 顶尖中的顶尖，常年玩柚子社的人都目光炯炯有神，非常自信，且智商逐年上升，最后完全成为天才。玩柚子社会改造身体结构，预防各种不治之症。人一旦开始玩柚子社就说明这个人的智慧品行样貌通通都是上等，这辈子都能在任何地方风姿飒爽。柚子厨具有强烈的社会正义感，对治安稳定有巨大的贡献，保护普通人的生命。最后，我说一句……Ciallo～(∠・ω< )⌒☆,5,
___莲___,保密,我的天哪竟然是サノバヴィッチ,4,
゚゚账゚号已注销,保密,说起来我一直很好奇，为什么这8作的基友op基本上没怎么露脸，这想约会的男生却单单给个画面，明明游戏里都没有的,6,
PreuensGloria,男,国足0721打卡[doge],6,
一般人机,男,第一次注册 刷的第一个视频 质量真的高！ 不愧是B站！这条评论一个赞或者回复就立马回来看一遍[Mygo表情包_探头][Mygo表情包_探头],5,
再看就把你哔咔掉,女,七夕节和gal过了[少女乐团派对_开心][脱单doge],2,
Blessin__,保密,魔宴的op真有動畫op的感覺，之後幾作裡op直接拿cg填充畫面。更喜歡魔宴這種,5,
罪是离人心,保密,我都130多小时了你才发OP?[doge],3,
麻薯恰妖梦,男,又是想看宁宁0721的一天[脱单doge][脱单doge][脱单doge],10,
CiaIIo丶丶,保密,"七夕节当然和自己玩旮旯！
不过我喜欢你们！！！",7,
钉宫大法大好き,保密,致传奇桌角战神,2,
可可爱爱空门苍,保密,魔女的夜宴我买了两份[辣眼睛],2,
丶涩梨,保密,天哪这根本就是我,3,
璃月第-深晴,保密,天不生宁宁，万古如长夜[喜欢],4,
重生之小黄是柚子厨,男,我喜欢你,4,
创客小海,男,七夕节快来给心爱的女友买桌角[脱单doge],2,
艾瑞莉娅OAQ,保密,😭,4,
_李华-,男,好耶,2,
云璃雾里_,保密,唉，柚子,3,
Bocchi_Hitori,保密,[微笑],4,
C站警告,男,"七夕就应该这么过：
早上，打扫神社，和安晴探讨人生
中午，和外公练剑
下午，和外公练剑
晚上，和外公练剑，睡觉",5,
Yuzu丶senseisann,男,卧槽！是柚子……社！[给心心][给心心][给心心],4,
我只会钟情于你,男,这下不得不展示这图了，最温馨的一幕,3,
-春的狗修金,男,请问做的时候配音演员是怎么配合的？[思考],4,
柠檬步月莫,保密,[纸上的魔法使表情包_吃惊][纸上的魔法使表情包_吃惊][纸上的魔法使表情包_吃惊][纸上的魔法使表情包_喵喵][纸上的魔法使表情包_喵喵],4,
X丶SDL,女,最多的一集[星星眼],4,
伴朝夕Koval,男,@秦淮余风 @夏雨梨__ @泰某天 @Darwhere @没理智的Dr轮刀 七夕发啊🤓👍这就是我们柚子社啊[尘白禁区_亲亲],3,
天桥下的散尾葵,保密,柚子厨都住哔站这么快？[笑哭],5,
绫地宁宁-Official,保密,什么游戏,3,
Mo_Da,男,美咕噜我的[总之就是非常可爱_可爱][总之就是非常可爱_可爱][总之就是非常可爱_可爱],3,
橘橘橘です,男,七夕发0721，好家伙[卡拉彼丘收藏集_升天],8,
五鸽鸽要咕咕,保密,七夕我选择跟00在一起[doge],4,
小月Tsuki,保密,@Atired烛秋 @3dayz @Yu3qwq @Nesco @狮子狗桐花 @d0wza 可恶的七夕节[笑哭][笑哭][笑哭][大哭],3,
世南笙,保密,去年七夕就是推着紬线过的 王子与公主的童话故事真的好美好，表白的CG更是神中神,3,
普通大酱,男,"什么时候能把dr的op放出来啊？真的喜欢
另外再来个固定环节Ciallo～(∠・ω＜)⌒☆",4,
源琉,男,0d00yyds[打call][打call][打call][打call][打call],3,
看不见的白白猫,保密,请问0721的出处在哪里[花园Serena2_豆芽],2,
风曦若水,保密,什么动漫？,5,
儒雅随和中国人,男,0721圣体,2,
樱凛不爱玩游戏了,男,七夕就该这么干,2,
虚影若梦,男,不是，怎么官方发的最高只有720P？？？[辣眼睛],3,
34143-,男,@Spiritual_Kisses @亦知歆 @mashoo_official @火欧珀与红泪石 @梦境已经残缺 @北桥南木 @AINYO @可爱の龙 @卡兹戴尔文旅推广大使,3,
柠檬薄荷树m,男,w....w....wa...a..a..私のオナニーよ見てください！,4,
DGP信仰玩家明月栞那,保密,你这个情况我还真见过，这样吧，你启动steam，搜索魔女的夜宴，点击购买，启动游戏，选再老实的夸一次，就这样因幡同学继续下去，烦恼，这也是演练的一环，没什么吧，普通的说话蒙混过去，机会难得请教下别人吧，那种请求实在是说不出口，夸奖她，可能会投给因幡吧，进入因幡巡路线,2,
__Alice-_-,保密,在我购物车里好久了，一直在犹豫买不买,4,
芳乃认证布丁大师,保密,终于让我等到0721评论数了,1,
维愉,男,这个看起来好好看，什么番？[微笑],3,
Cy-S,保密,@沙梨汁 @乃琳早上好 @我不要加孜然 总之就是Ciallo～(∠・ω< )⌒☆,2,
醉疆月,保密,突然发现从12年开始玩galgame到现在，已经十多年了，当初玩天神乱漫的日子现在还记忆犹新，时间过得好快啊[Alice In Cradle 格拉提亚 表情包_呜呜],3,
glow_hikari,保密,七夕就该一个人玩galgame[Mygo表情包_生气],2,
゚大户爱,保密,那个绿毛短发是谁，好可爱[大哭][大哭],3,
选C教大祭司,保密,所以这一作为什么叫魔宴，夜宴呢[思考],3,
Ciallo___AWA,保密,"《爱芳说》
柚子社之女主，可爱者甚蕃。炼铜之士独爱丛。自魔宴来，世人甚爱宁宁。予独爱芳之出污秽而不染，斩祟神而不妖，外冷内热，不行失礼，香远益清，亭亭净植，可远敬而不可亵玩焉。

予谓丛，女之可爱者也；宁，女之涩涩者也；芳，女之君子者也。噫！丛之爱，叫老婆鲜有闻。芳之爱，同予者何人？宁宁之爱，宜乎0721矣！",2,
上海第一Reステージ迷,女,七夕（0721）快乐啊！（雾）,3,
Eris--Greyrat,男,@鋼鐵の决意 @吃花椒的言酱 年轻人就该玩这个[粉妆玉琢_吃],2,
看见傻子就想上个舰长,保密,美咕噜天下第一！,1,
懈怠的白狼,保密,最近刚推完，真的太喜欢宁宁了，不愧是塑造最完美的柚子社女主[tv_微笑],3,
九八哥破敌如破卒,男,"每个团队都需要有以下种人：
领头的羊🐏善战的狼🐺骁勇的虎🐯不停的鹿🦌不停的鹿🦌不停的鹿🦌不停的鹿🦌不停的鹿🦌不停的鹿🦌不停的鹿🦌不停的鹿🦌不停的鹿🦌不停的鹿🦌不停的鹿🦌不停的鹿🦌不停的鹿🦌不停的鹿🦌不停的鹿🦌不停的鹿🦌不停的鹿🦌",2,
哈基宁宁_,男,致敬传奇爆破手绫地宁宁,1,
Windy丶寻风行,男,什么时候轮到我们星光咖啡馆[脱单doge],2,
露娜大人的狗,男,不喜欢美咕噜的人有难了，很难想象一个精神状态正常的人会做出「不喜欢美咕噜」这种愚蠢的选择。不喜欢美咕噜的朋友失去的不仅仅是一次纸片人的体验，而是一种最基本的对纸片人的理解与精神信仰。美咕噜明明可以在将大家的gal体验带入一个全新的高度，可是你竟然放弃了这样的机会。那今后提起gal你必将会坠入冰冷的深渊，体验绝望的后悔与没落感。玩gal不喜欢美咕噜，就像四大名著不看红楼梦，说明这个人文学造诣和自我修养不足，他理解不了这种内在的阳春白雪。,10,
安无人问及,男,我喜欢你，你喜欢我[微笑][绝区零_期待][总之就是非常可爱_哇][崩坏：星穹铁道_wink],1,
云泽绘梦,男,到点了,1,
卡尔克萨的吹笛人,保密,蹲一个官方，另外，学姐为什么本体没有出镜！我要摸摸本体（推测猫猫或者狐狐）,2,
沐阳诗轩,男,学校食堂新开了家豚骨拉面店，看到这么大一个碗一下想到宁宁，望周知[脱单doge]可惜没有勇气喊出面硬加咸蔬菜加倍蒜末和油多多,2,
HornBike,保密,心动不如行动！快来玩怪猎！（双刀萌新路过,0,
哇真德食尼鸭,男,就我一个人七夕节一个人玩galgame吗[委屈],2,
一资小聋瞎,男,你怎么知道我今天和美咕噜约会了[脱单doge],2,
-宁宁天下第一,保密,七夕节通了宁宁线捏[给心心]宁宁赛高！！！[给心心][给心心][给心心],3,
宇宙机器人大铁块,男,说起来这是柚子社最后一部全动画的op了吧，之后就开始拿cg凑画面了,2,
Xtro1vet,保密,私のオナニーを見てください！！！,2,
没有梓宝就会似,保密,这有好看的@爱丽丝的星努official,1,
长离未黎,男,设定集说了并没有多重世界 就是同一个人,0,
kotori8823,男,七夕就应该,1,
冰柜里的罗非鱼,男,3天魔女的夜宴18小时[微笑]还有谁,2,
kotori8823,男,"七夕的时间表❤️
7:00把身上的宁宁轻柔地扒开，起床洗漱
 7:20为因幡巡准备爱心早饭 
7:40看椎叶紬可爱的睡姿🥰 
7:50叫醒憧子，亲亲她，安抚她的起床气 
8:00和仮屋和奏一起吃早饭 
8:30带朝武芳乃出去散步，呼吸新鲜空气 
9:30和常陆茉子一起网上冲浪，分享开心 
11:00给丛雨准备爱心午饭 
11:30和蕾娜·列支敦瑙尔一起吃饭 
12:00与马庭芦花和鞍马小春一起睡个午觉💤 
12:30和三司绫濑逛街，看电影 
14:30一起吃在原七海喜欢的小吃 
15:00回家，陪式部茉优画画 
16:00和二条院羽月锻炼身体💪🏻 
16:30和壬生千咲洗澡🚿 
17:00给明月栞那准备爱心晚饭 
17:30和四季夏目共享烛光晚餐🕯️ 
18:00给墨染希念书，放松休息📖 
19:00送火打谷爱衣上班 
19:30送汐山凉音回家 20:00看白雪乃爱直播🤤 
21:30准备好夜宵，去接谷风天音 
22:00喂小云雀来海吃东西，哄她睡觉 
22:30给星河辉耶晚安的吻💋 
22:45和高楯欧丽叶和百里风实花一起休息，结束美好的一天🥰",1,
喵桑Aku,保密,Ciallo～(∠・ω＜)⌒☆,3,
mcmcily,保密,[脱单doge],1,
太液未央柳,男,七夕节发魔宴PV一定是有什么深意吧[微笑],2,
不是柊镜是KagamiSama,男,[傲娇][傲娇],1,
字诚Alan,男,下面的推荐为什么是太刀介绍啊，你们有头绪吗,1,
star小星轨,保密,你怎么知道我情人节有约了😁,1,
玉洁千灼,保密,@一起遛弯去 来看来看Ciallo～(∠・ω＜)⌒☆,1,
AAA欧莉叶平板教学,保密,宁宁线一周目结束没看见restart以为be了的举手[笑哭],1,
是Anon酱不是An,保密,@薇尔莉特official_ @郭海豹 @米味果冻 @梓川希藤,3,
喜欢喝冰红茶的牢大,保密,@豚鼠棉花糖 @时_崎-狂_三 @一只大咕怪,1,
献岁上九,保密,@千早凛ovo @Creeperfm @大音丨希声 @miodesu,2,
嘉德冥泉,男,请收下我的0721吧,3,
请让我滚去学学专业课,保密,我也想玩但是找不到,1,
芥䉩㮟,保密,Steam的中文版魔女夜宴需不需要打补丁，原来那个dlc用不用得了？,2,
Morgan-Le-Fay,保密,@Sakuralema @伪凉TBA @frankbarry2333 七夕好看的,1,
中野三玖丿,男,0721补的票，二刷然后全成就!,1,
四海之舟,保密,今天刚光顾了柚子专卖店，芳乃喜欢喜欢[黎歌Neeko_芜湖]（我千恋万花op什么时候安排）,3,
DimpIes1337,女,@bp_ONA3,1,
-MeltIce,男,七夕节一个人在家里玩galgame😭,3,
大萌神__長門有希,保密,@IVF_YOU,1,
一盒debii奶,保密,@xっO,1,
一般通过的僵尸娘,男,"20年在B站看的
那时候还觉得不过是5年前的游戏嘛，还算近的了。
现在一想，我知道这个游戏都快5年了（笑）
时间过得真快啊（泪）
不知道restart线宁宁等的时间有没有超过5年呢？",1,
猫神大人与六颗星星,保密,[难过],1,
芍药与鸢尾,保密,Ciallo～(∠・ω< )⌒☆,1,
爱吸神父的纯氧,男,@Chortla 七夕发这个，有说法的[2024明日方舟音律联觉_呜呜],2,
ScarletSolace,保密,来得最早的一集，看这播放量我还以为是高仿[笑哭],3,
丶绫地宁宁丶,男,绫地宁宁天下第一[打call][打call][打call],2,
椎名昼昼子,男,孩子们，身份证后4位是0721怎么办,3,
Yurayya,男,"七夕的时间表❤️
7:00把身上的宁宁轻柔地扒开，起床洗漱
 7:20为因幡巡准备爱心早饭 
7:40看椎叶紬可爱的睡姿🥰 
7:50叫醒憧子，亲亲她，安抚她的起床气 
8:00和仮屋和奏一起吃早饭 
8:30带朝武芳乃出去散步，呼吸新鲜空气 
9:30和常陆茉子一起网上冲浪，分享开心 
11:00给丛雨准备爱心午饭 
11:30和蕾娜·列支敦瑙尔一起吃饭 
12:00与马庭芦花和鞍马小春一起睡个午觉💤 
12:30和三司绫濑逛街，看电影 
14:30一起吃在原七海喜欢的小吃 
15:00回家，陪式部茉优画画 
16:00和二条院羽月锻炼身体💪🏻 
16:30和壬生千咲洗澡🚿 
17:00给明月栞那准备爱心晚饭 
17:30和四季夏目共享烛光晚餐🕯️ 
18:00给墨染希念书，放松休息📖 
19:00送火打谷爱衣上班 
19:30送汐山凉音回家 20:00看白雪乃爱直播🤤 
21:30准备好夜宵，去接谷风天音 
22:00喂小云雀来海吃东西，哄她睡觉 
22:30给星河辉耶晚安的吻💋 
22:45和高楯欧丽叶和百里风实花一起休息，结束美好的一天🥰",2,
苒薰_,女,[Alice In Cradle 格拉提亚 表情包_wink],2,
X翼冰河,保密,我只想去尝尝桌角是什么味的[doge],3,
你也是真批吗,男,哎，我这刚好有一个大小刚好合适手机的缝隙🤓☝,3,
永伴小綾,保密,@工房画师同人站 你人呢？这么久了怎么还没来，你给我等着（虎哥音）,2,
XAPESD,男,Ciallo～(∠・ω< )⌒☆,2,
般件,保密,时至今日，我手机里的隐藏空间密码依旧是0721[脱单doge],2,
月球背面的弗洛伊德,保密,@羽毛笔的琢琢的呆毛 @清秋漪影 给你们的七夕礼物,2,
佛罗札狮子骑士团,保密,魔女夜宴之前的作品还会做高清化和移植吗？,2,
su_ching蘇清,男,@Unnamed_me @莎乐美_Shalem,2,
缪缪我的缪缪-,男,你怎么知道我七夕和美咕噜过的[脱单doge],2,
头上长出方向盘的来海,保密,既然是七夕放的gal的op，那男女主结局一定很完美吧[doge],2,
失序CollaPSe,男,你说得对，但我的生日是byd农历7月21,2,
憧憬成为0721高手,保密,[可妮夏日泳装派对_到][可妮夏日泳装派对_到][可妮夏日泳装派对_到]我要成为0721高手！,2,
保科柊史本史,保密,孩子们，我回家了😎,3,
藤丸立香啥也不知道,男,哇达西诺哦那你哟米德库大赛,2,
五格网络,保密,00一个人9个h scene的含金量[Mygo表情包_Love],2,
剎那丶飛雪,保密,七夕发宁宁[打call][打call][打call],2,
゚゚゚゚小鳥遊ホシノ,保密,Ciallo～(∠・ω< )⌒☆,0,
Alice_liker,保密,rj，馆死，dr，天神乱漫快点端上来吧！,3,
柠檬薄荷树m,男,啊，先輩，Ciallo～(∠・ω< )⌒★,2,
九-岚,保密,Ciallo～(∠・ω< )⌒☆,2,
樱の诗,保密,什么动漫[哦呼],1,
実希や,男,刚出视频就推我首页了，我也是神人了,2,
那是真的牛啤,男,既然有了官方账号，那便宜的周边是不是……[脱单doge],2,
-Water-Drop-,男,先辈，Ciallo！啊，有地桑，Ciallo～(∠・ω< )⌒★,2,
你今天拉屎了吗cl,男,@石炭酸乙酯,1,
请问魔宴是什么游戏,男,[思考],3,
丶挚爱五河琴里丶,男,有动漫？,0,
Nightingale_yph,保密,希望看到DR重置[微笑]提高下分辨率上个Steam就行,1,
入宅入迷,男,啊，我正在玩魔女盛宴，为什么会推给我，没我搜索啊,2,
三舌火商,保密,哼[傲娇]我和你们不一样，我七夕一个人在家不玩千恋万花也不玩魔女的夜宴，我玩星光咖啡馆[傲娇][傲娇][傲娇],1,
凇爓,男,@tyOrion,1,
Labmem_No04,男,[微笑],2,
云三晓却,保密,这是什么动漫🤓🥰😍😘,1,
咜説莪湜婖豞,保密,@-_-椎名真昼 速速关注,1,
三尺五眼仙人,保密,ciallo～(∠・ω< )⌒★,2,
祢缮,保密,@丛雨花茶 玩！,1,
OSMNXS,男,@卡比养的,1,
青魚汐,保密,Ciallo～(∠・ω< )⌒★,0,
竹達彩奈喵,保密,绫地宁宁世界第一[初音未来三连快乐表情包_三连快乐][初音未来三连快乐表情包_三连快乐],1,
小小手心里的汐望,保密,我绝对不会放手[大哭],5,
-秦王赢政-,保密,你认真的吗？今天发这个？那好吧，那我也就只能这样了：Ciallo～(∠・ω< )⌒☆,3,
灵叡,女,[星星眼],2,
胖鱼有点烦,保密,出息了，刚刚[呲牙],3,
AyachiNene0721,保密,我简直就是保科柊史[星星眼],0,
北部炫狗狗狗狗狗狗,保密,@初音ミク_HatsuneMiku [超天酱表情包_点赞],0,
沢口麻衣,保密,这是什么游戏的,0,
梅桥,女,@随轻墨,1,
红中十八骰,保密,芝士什么动漫？[微笑],1,
抗温快买药,保密,七夕最适合 0721 你说对吧大家们[脱单doge],1,
Fluttershy_CHS,保密,"那我缺的Riddle Joker这块谁给我补啊♿♿♿
七海，我的七海😭😭😭，没有你我要怎么活啊，我真的想七海想到要发疯了，我做梦都在想七海，七海，七海，你带我走吧七海[蔚蓝档案表情包_呜哇]",1,
樱花之音仍在回响,女,七夕就应该玩galgame！！,2,
圣代桥羽织,男,Ciallo～,2,
江少哟,男,七夕和紬一起过[傲娇],2,
芭菲女王の猫,保密,[doge],1,
゚稚名真昼,保密,啊~前辈，Ciallo～ᕕ(◠ڼ◠)ᕗ ⌒☆！,1,
狂三33,保密,Ciallo～(∠・ω< )⌒☆,2,
落日与荒城,男,这是什么，哦居然是官方，魔女的夜宴启动!,2,
天绫绫地宁宁ぇ,保密,七夕节一个人在家里0721😭,1,
墨胤笙穹,女,也是光荣地变成一名单身柚子厨了[崩坏3_差不多得了],2,
清洛衔绫,保密,来的早先0721[脱单doge],2,
独孤傲剑行难山,男,柚子成名作[doge],2,
结城希亚Official,保密,这是什么动漫？🤔,2,
--_常陆茉子_--,女,来咯[给心心],2,
枫火少年,男,我永远喜欢因幡巡[喜欢][喜欢],2,
末岸等你,男,七夕当然要0721啦[OK],2,
秋莺fana,男,@浙合理吗 @延音 @fa吻在上 @故人jth,2,
哔哩哗哩审核姬,保密,是了，我也爱看,2,
科比老大offical,保密,最喜欢的前奏,1,
小丛雨是神瓦,保密,Ciallo～(∠・ω< )⌒★,2,
宫内荣华,男,我单方面宣布，美咕噜线是最贴近现实的纯爱天花板[喜欢]ciallo～,1,
汞篆,男,@砂糖和盐のhsl,0,
廢物の諾,男,Ciallo～(∠・ω< )⌒★,1,
rhe_fool,保密,"七夕节一个人在家里玩galgame,是不是这辈子有了[微笑]",2,
夜羊娜娜奇,男,好耶[doge][喜欢],2,
茉名七妙彡,男,和隔壁卡普空一样，发完就该发新作了😋😋😋,1,
心动苏萟qwq,保密,@晚秋又摸鱼了,0,
萨鼬,保密,"简介：yuzusoft第八作「魔女的夜宴」开场OP动画
翻译：工房画师同人站",1,
Have_13urnt,保密,@妍Yuna What can I say？,1,
釗金叁辉,女,Ciallo～(∠・ω< )⌒☆,0,
鸣濑白羽ovo_-,女,@霁切ovo,0,
凛瓷瓷,保密,我总感觉宁宁对我和对其他柚子厨不一样,1,
雪景式official_,保密,咳咳咳[微笑],1,
了波尔索斯,保密,公主的四格漫画不好过审是吧。。,0,
我是Michael啊,男,瓦，瓦达西诺[doge],2,
月定大大,男,@Dawn_nove [星星眼],1,
Cebuzhu,男,@冲天汽船KT咻 @木头银丶,1,
0721怪猎高手,保密,这是什么游戏,1,
0721高手綾地宁宁,男,"╭◜◝ ͡ ◜ ╮
(   好想   )
╰◟ ͜ ╭◜◝ ͡ ◜ ͡ ◝ ╮
　 　 (   和宁宁   )
╭◜◝ ͡ ◜◝ ͡ ◜ ╮◞ ╯
(       结婚       )
╰◟ ͜ ◞ ͜ ◟ ͜ ◞◞╯
₍ᐢ..ᐢ₎ᐝ",0,
圆桌骑士绫地宁宁是谁,保密,[傲娇],2,
灰之魔女の修勾,男,[微笑],2,
野生Z君,保密,@青问RJ是什么游戏,1,
南枫一尘,保密,@闪光の星辰 @滲透Hx喵 @骁雾- @旭日照山岚 @命燃やして @羽迹Jager,1,
沫路-,男,@传送面板已上线,1,
讲文明懂礼貌树新风_,男,为什么7.21不发😡👊,1,
aipostan,保密,这是什么动漫[微笑],16,
宵绝星雾,保密,孩子们，求个补丁🤓,1,
未来は風のように,女,[哦呼],2,
沧之忧海,女,Ciallo～(∠・ω< )⌒★,1,
沐阳诗轩,男,我必须立刻开始0721!,2,
未曾的宣誓,保密,有东西啊[doge],2,
零十七一,保密,@東壹谷,0,
球球不是fairyyyyy,男,@小尘埃成癌3 官方正版,1,
故笙SaMa,保密,@晓柒_Qi @刃下心kisshot @露娜sama的妻子 @安可欸 @小兔驴 @椎名゛ @飞鼠-安兹-乌尔-恭 @阿银Yahoo @一盒小纸巾 [香奈美·追寻那道光 应援装扮_让我看看][香奈美·追寻那道光 应援装扮_让我看看],1,
不会0721的宁宁,女,私のオナニーを見でください～～！[委屈],1,
忆梦为月,男,怎么真打算出动画？,0,
绫地宁宁onani,男,发我干嘛,2,
青问RJ是什么游戏,男,[微笑],1,
灯纳,保密,宁宁，我的宁宁[给心心][给心心],2,
Yuzu丶senseisann,男,"柚子社四大名著：
《千原万神》
《原女的神宴》
《锉刀原神》
《星光咖啡馆与原神之蝶》（bushi[微笑]",1,
希耶丝塔吼吼吼,女,这什么动漫[微笑],1,
゚因幡爱瑠,保密,什么动画片,2,
床前栞那光,女,这是正经动漫吗？,2,
Ciallo___AWA,保密,我来啦！,1,
许问之,男,@夏霞゜,1,
正在喝药的烧烤爷爷,保密,@半小时的安眠药,0,
八雲玄白,男,有人和我一样不知道昨天是什么节日吗[笑哭],0,
我是纯社恐,男,@缪缪吖 @无敌日常番大王 @游戏未赢过 @THEWORKD,0,
V-面包车,男,@江久不讲究 @无翼_wuyi [星空列车与白的旅行表情包_偷笑],1,
a0p我不是柚子厨,男,常年玩柚子社的人都目光炯炯有神，非常自信，且智商逐年上升，最后完全成为天才。玩柚子社会改造身体结构，预防各种不治之症。人一旦开始玩柚子社就说明这个人的智慧品行样貌通通都是上等，这辈子都能在任何地方风姿飒爽。柚子厨具有强烈的社会正义感，对治安稳定有巨大的贡献，保护普通人的生命。,1,
月球人17,男,@苏联发言人 我，我，我，我，我想0721！,1,
Lloyd_942,男,柚子社收藏集什么的快端上来罢,1,
伯喙,保密,Ciallo～(∠・ω< )⌒☆[喜欢],1,
ENA_Channel,男,七夕还在玩的这辈子有了[P+魔法少女表情包_兴奋],1,
不关橙猫猫旳事哦,保密,我先来，绫地宁宁天下第一[热词系列_哇酷哇酷][热词系列_哇酷哇酷],1,
東雲_Official,男,为什么不在7.21号发,1,
并非BOK,男,Ciallo～(∠・ω< )⌒☆,1,
SeeleVollerei5,保密,[崩坏3·光辉矢愿_惊][崩坏3·光辉矢愿_惊],2,
糖糖_rain,男,@息事宁人- @CeruleAlice @町宝今天摸鱼了吗 @_晓若卿_ @楓楼 @一只萨卡班甲鱼2 [VirtuaReal皓月表情包_真牛蛙],1,
沙漠盾牌の初音ミク,男,"Ciallo～(∠・ω< )⌒☆
先輩、お早う!!!
今日も元気？",1,
violetai_,男,@zz清钰 @蒟蒻-zeli_ 柚子➗出列！,0,
坂本゙゙゙,男,"既然这样那么大家一起发吧
Ciallo～(∠・ω< )⌒☆",2,
--Ciallo-,男,里面的白毛好可爱，是什么动漫里的[喜欢],1,
江花风凉,男,国庆就该玩魔女的夜宴而不是不玩,1,
宣宣不坏,男,请…请看我0721,1,
Cialloinheart,保密,咕噜咕噜门万岁,0,
捞月亮的咩咩_Official,保密,@囿洱转个转圈圈,0,
枯亦白,男,[Alice In Cradle 格拉提亚 表情包_wink][Alice In Cradle 格拉提亚 表情包_wink][Alice In Cradle 格拉提亚 表情包_wink][Alice In Cradle 格拉提亚 表情包_棒棒哒][Alice In Cradle 格拉提亚 表情包_棒棒哒][Alice In Cradle 格拉提亚 表情包_棒棒哒],1,
摩天轮上的咖喱饭,保密,刚把四季夏目线过完，有地绫绫地宁宁三司绫獭四季夏目是我爹[给心心],1,
栞仓唯,保密,@王妮可WangYuki @358团团长cp3 @萤百一 @超级柚子批离雨雨罢了 @桜小路秋雨 @浮城墟烟 @超高校級のパンツ,1,
不会取名字彡,男,你说的对，《魔女的夜宴》是由柚子社开发的一款galgame，后面忘了,2,
星空九天,保密,Ciallo～(∠・ω< )⌒☆,0,
-小鸟游星野--,保密,好玩，爱玩[Cat_heart],1,
勾勾cheems,保密,两期四格一期op，等op发完了就是新作公布时间了罢[惊喜],1,
murasameのご主人様,男,是的，七夕和美咕噜过🥰,1,
川田雅栗,保密,这个时间段发这个，好好好[doge]，Ciallo ٩(๑•̀ω•́๑)۶,1,
古登切,男,为什么今天大家都在看视频？不去陪女友？是不想吗？,2,
冷月￡清风,男,面硬加拉面双份蔬菜大碗猪油拉面[妙啊],1,
废柴ロボット,保密,美咕噜[喜欢][喜欢][喜欢],2,
冷冰冰牌高等术学,男,刚刚在推馆死，石墨烯是我叠[doge],1,
タカシ君,男,"贝斯手被黑的最惨的一集，
依稀记得美咕噜原话：
「诶？吉他和贝斯原来不一样吗？不是一样的吗？」
男主老爸原话：
「砰砰砰砰的吵死了！」",1,
暗黑修罗百事薯片,保密,メンカタカラメヤサイダブルニンイクアブラマシマシ,1,
水瓶座欣晨雨,男,这不做成里番可惜了[doge],1,
兔老师official,保密,你知道的 我一直是柚子厨,1,
永远的カナタ,保密,Ciallo～(∠・ω< )⌒☆,1,
星落没吃饱,保密,[脱单doge],0,
幼刀的硬硬的,男,@记忆之主-浮黎 [Mygo表情包_探头],0,
无铭_克鲁鲁-采佩西,女,@SGLTQ,0,
桜璃奈,女,雖然但是，我只有千戀萬花(),1,
淡淡的泡泡,男,Ciallo～( *・ω・)✄╰ひ╯,1,
为什么经常重复名字,保密,拥有保科栋史的状态 没有保科栋史的人生[大哭][大哭],1,
PhonenixTang,保密,@Serenamour 我没玩过但是这个bgm我会唱我草我寻思我也不记得我听过啊我草,1,
梦回千里寻伊人,保密,等我把千恋万花二周目推完再来玩这个Ciallo～(∠・ω＜)⌒☆,1,
千嵗佐奈ChitoseSana,女,那么接下来就该问了，新作文件夹建好了吗（,1,
摸鱼海绵儿,保密,@云藴,1,
崩壊を食い止めるぜ,男,致敬传奇vtb樱巫女,1,
肘慈川理世,保密,@狂笑的蛇,1,
我为流萤举大旗,男,@纸削欧尼酱 @希儿PH大于12我 @星光漫过初夏夜,1,
孙文斯-克兰西,男,这也是我玩的第一部柚子社作品,1,
焦糖甜筒,保密,这是有官方简中了吗,0,
黎明げ,保密,Ciallo～(∠・ω< )⌒★,1,
幼刀的硬硬的,男,你猜为什么我玩怪猎？🤓☝,1,
御坂琴梦,男,这熟悉的声音[doge],1,
疯狂的老公猪,保密,@转生成为鸭鸭的吼姆,0,
巴巴托斯-S,保密,很好的标题,1,
星泉kurumi,保密,Ciallo～(∠・ω< )⌒☆,1,
兮丶风,保密,Ciallo(∠・ω< )⌒☆,1,
艳阳高照戴兜帽,保密,Ciallo～(∠・ω＜)⌒☆有空得再回来跑一遍美咕噜线捏,1,
怪言猫猫,保密,@一只依然喵,0,
列强,保密,最喜欢的一集,1,
雪艺晞,男,何の番?[脱单doge],1,
无法显示-darklight,保密,后续把四格漫画也补上[doge],1,
沨云amegic,保密,瓦达西哦欧纳尼咩得库纳塞[滑稽],1,
穗穗里面暖,男,0721是什么意思[微笑],1,
君子剑剑仁,保密,@琴酱是个男女仆 什么时候出动漫？,0,
我暂时喜欢雪菜,保密,@凌溪在摸鱼 我要开始0721了,1,
冬菇青玉汤,男,[微笑],1,
Kawakaze-江风,男,好！,1,
妖Ciallo,保密,Ciallo～(∠・ω< )⌒☆,1,
AyaseNene,保密,我的宁宁😭,1,
一颗平凡的栗子,保密,我喜欢你[微笑],1,
一身正气の温迪様,保密,Ciallo～(∠◠ڼ◠)ᕗ✄╰ひ╯,1,
你怎么是个纸片人啊,男,@涌泉和活水 @憨sir- @海棠椒盐 @吹伊吹伊吹,1,
钟爱卡诺猫の宁宁,保密,[微笑],1,
東风谷早苖,保密,[永雏塔菲仲夏集_开派对咯],1,
青问RJ是什么游戏,男,本人上镜了怎么不艾特我一下[偷笑],0,
samsteve18,男,Ciallo～(∠・ω＜)⌒☆,0,
z主帅,男,Ciallo～(∠・ω< )⌒☆,0,
特殊召唤-积木龙,保密,@梦里的一丝光明 （）启动！,0,
黑瞳散人HTR,保密,光速赤如何呢@瓜劈牙 @watermonster1y1 @梨子黎_ @whslqy @乌鸦乌龙茶 @玫瑰行动joy,1,
゚゙月社妃,男,[星星眼][星星眼],1,
枘羽羽羽,保密,Ciallo～(∠・ω< )⌒☆,0,
我是纯社恐,男,什么番[微笑],0,
全部都是第一,保密,Ciallo～(∠・ω< )⌒☆,1,
狗头邪教爱喝阿萨姆,保密,这是什么新番，追了[喜欢],1,
有点小坏的八纯,男,Ciallo～(∠・ω< )⌒☆,1,
罗航-痛定思痛中,保密,@而寸扌率玉 @坠梦染海 一切尽在不言中,0,
常奶茉子,保密,美咕噜是我爹,1,
薇古丝的黑影,保密,什么时候出DR的OP[滑稽] 有一说一我玩DR的时候还是小学生 不知道有没有人信,0,
久遠寺Alice_,男,魔女的夜宴也是魔夜🤓👆,1,
bili_290499922,保密,无论何时我都回来了,1,
我什么也得不到,男,瓦塔西诺哦那你哟米得库塔塞[doge],1,
奈良の小玖,保密,瓦达西瓦欧纳米米得库拉赛,1,
没毛的板鸭,男,好,0,
hvwyl,保密,Ciallo～(∠・ω< )⌒☆,0,
湫瑾吴,保密,好好好,1,
乂O-o乂,男,Ciallo～(∠・ω＜)⌒☆,1,
缄默的殉道者,男,那我缺的咖啡馆这块谁给我补啊[微笑],1,
肥皂Qeb,保密,@遁地土豆教教主,1,
星辉幻世,男,竟然有宁宁,1,
那个Alno,保密,美咕噜是我爹😋,1,
星辉幻世,男,宁宁，,1,
无名的丛雨酱,保密,Ciallo～(∠・ω< )⌒☆,1,
吨酱,保密,私のオナニーを見てください！,1,
alpats_,保密,七夕玩gal[藏狐],1,
超级帽子sensei,保密,[微笑],1,
一颗平凡的栗子,保密,我喜欢你[微笑]谢谢你在七夕节能陪陪我[给心心],1,
脆皮淀粉肠拌土豆泥,保密,这下听懂了,1,
最尊重芳乃の,保密,[微笑],1,
゙゙゙鬼人正邪,男,我喜欢你,1,
一身正气の温迪様,保密,钓符：这是什么冻鳗？,1,
A别骂了QAQ要哭了,女,Ciallo～(∠・ω< )⌒☆,1,
荒废的藤蔓,男,私のオナニーを見てください,1,
时坂风璃,保密,华哥天下第一！,1,
ysyy,男,好,1,
Lore_Rua,保密,@セい_ 这里有你爱看的,0,
Charliemeng3,保密,你怎么知道我七夕去了柚子店[脱单doge][脱单doge],0,
优猫不想熬夜,保密,@笑脸兔ing,0,
大红枣养生茶,保密,在？啥时候能重制夏空彼方？[微笑],0,
小龙天秀啊,男,好好好啊,0,
草菇涵混合体,保密,ciallo！[给心心],1,
゚゙゚゚゚゚゚゚゚゚,保密,天呐，我简直是保科柊史,1,
xs小松2,保密,感觉魔宴的op比千恋万花的好看啊,1,
落嘤丶千场樂,男,[2024明日方舟音律联觉_prpr],1,
MISUKAHINA,男,你就说魔宴什么含金量[doge],0,
゚Clearlove,男,什么动漫,1,
like小玉米,男,Ciallo～(∠・ω＜)⌒☆,0,
蔚蓝星辰wlxc,男,Ciallo～(∠・ω< )⌒★,1,
只是阿杰而已,男,咖啡馆啊[大哭][大哭],0,
闪光马克兔,男,[打call],0,
沫白_volcan,男,"好好好,七夕发这个是吧.Ciallo～(∠・ω< )⌒★",0,
反常不可量态,保密,不是我今天刚开始玩，就在b站首页刷到了？,1,
FadedAsteroid,男,[微笑][微笑][微笑],1,
塞西莉亚今天也超可爱,保密,ciallo～,0,
b站火影ol手游大蛇丸,男,你喜欢我，我喜欢你😡，你喜欢我，我也喜欢你❤️,0,
illya-sviel,男,没玩过柚子社[吃瓜],0,
雨若晓风,男,七夕全成就了魔女的夜宴，这辈子有了,0,
赞是免费的,男,[洛天依_打call][洛天依_打call][洛天依_打call],1,
海昇恋紅夢,男,七夕节玩的，这辈子有了[支持][支持][支持][脱单doge],1,
吞噬水银的米狄尔,保密,孩子们，我有秘密武器[笑哭],1,
无限-剑制,保密,@-二阶堂-真红- @御园m华 @彼流星辰里 @我永远喜欢甘雨-,1,
平泽_唯,保密,@森罗万象ア,1,
肥嫩的汤缘,保密,[喜欢],0,
新花虹月,男,@涂亦勒,1,
la_une,保密,最喜欢的一部,0,
失去理智的鱼,保密,好期待啊,1,
豪豪ZWQ,保密,Ciallo～(∠◠ڼ◠)ᕗ✄╰ひ╯,1,
冋尘,男,[微笑],0,
ZIHan是社恐,女,一个赞蹭一下桌角（bushia！,1,
梦栀之,男,Ciallo～(∠・ω< )⌒✪,0,
梦栀之,男,Ciallo～(∠・ω< )⌒✰,0,
梦栀之,男,Ciallo～(∠・ω< )⌒⭐,0,
梦栀之,男,Ciallo～(∠・ω< )⌒☆,0,
梦栀之,男,Ciallo～(∠・ω< )⌒★,0,
更坏的还在后面,男,开冲！,0,
谢菲尔德最可爱,男,@O青葉,0,
suki-miyuki,男,今天也是非常开心[嘟嘟],0,
只是一只小梓厨,男,既是七夕又是生日的我一个人在家玩galgame[难过],1,
奇葩的小毛,男,不是，你怎么知道我今天七夕和宁宁过,1,
請問綾地寧寧是誰,保密,来了，我简直就是保科柊史[星星眼],1,
白木瑯軒,保密,柚子厨集合！！！,1,
不爱0721の0d00,男,onani是什么意思[微笑][微笑],1,
能能可行,保密,Ciallo～(∠・ω< )⌒☆,1,
结弦ヽ,保密,@义-仲,1,
6枚核心硬币改名,保密,最喜欢的一集,0,
让我栞栞_done,保密,[笑哭],0,
KKKturbocharger,保密,我才发现《魔女的夜宴》的OP和《机动战士高达08MS小队》的OP是一个歌手唱的,1,
FanTuanXD,保密,我喜欢你,1,
鴻雁銘心,男,[热词系列_啊?],1,
゚天绫绫地宁宁,男,这是什么游戏啊,1,
清煌桑,男,@一颗星新心,1,
樱桃味快乐解方程,保密,Ciallo～(∠・ω< )⌒☆,1,
忆卿亦卿,保密,动画在哪里能看到？😍,0,
恐怖开胸人,保密,我喜欢你,1,
39_OveR,女,不要这个，要新作[初音未来_大笑][初音未来_大笑][初音未来_大笑],1,
加茉,保密,@有坂Mashiro @叮叮啊啊,0,
優希堂沙也香,男,我是gal剧情党，说实话魔女的夜宴各条线写的算是还不错的了，在柚子社的作品里,0,
常陸_茉子,女,[笑哭],0,
怎么什么名字都有取了,保密,我靠，桌角战神！[脱单doge],1,
あぁぁぁあ,保密,ciallo～,0,
嘤嘤鹰EX,男,前辈们，可以带我打猎吗？,0,
0721大王宁宁,男,我喜欢你[微笑],1,
無敵の大聪明,男,@换季の秋風,1,
竹鼠不爱喝茶093,保密,@小DIR,1,
一ノ瀬怆海,男,看懂了[初音未来_nice],1,
w屑杭杭w,男,@娜娜米_____,1,
鹅心柚子厨,保密,恋爱吧少女！,0,
御坂美琴337号,男,@木容菌,0,
天思羁绊,男,[吃瓜],0,
爍罍,保密,什么时候出装扮[星空列车与白的旅行表情包_吃糖],0,
史莱姆魔王,保密,[Sheya收藏集-月食梦_Look],1,
七夜-悠official,保密,这么快就30万粉了,0,
他化正,男,新作什么时候有消息啊,1,
治不好也淌口水,保密,最喜欢的一集,0,
正在食用玉藻电池,男,我要看新作预告！！！,0,
黎曦夜的白牛,男,是这个吗,0,
星海空明曲,保密,@菠萝菠萝氵密 @二乃天外飞仙EA @不谙世事阿空 @八重堂der屑狐狸 @乐土头子爱莉,1,
客专上的大3B,保密,当然要玩的[妙啊],0,
鱼雷打飞机,男,"柚子巅峰作了
好在这是我玩的第一作，坏在这是我玩的第一作",1,
帆刈叶_,保密,私のオナニーを見でください～～！😡😡😡,1,
冰绒のXJ_desu,男,私の（）（）（）（）を見てください[蔚蓝档案表情包_抱抱],1,
游离之莺,男,[星空列车与白的旅行表情包_星星眼],1,
lsj马达拉,保密,是不是绫地宁宁打算七夕发来给我看的[微笑],1,
挚爱小清新,保密,我定睛一看？啊  是官号在播啊...仿佛回到十多年前的夏天   话说柚子你不宣传一下公司下一作大概方向吗   提前踩个点啊,0,
崩坏学园_拉妮艾特,保密,@活泼一枚,1,
情问Noa是什么角色,男,[打call][打call][打call][打call],1,
DGP信仰玩家明月栞那,保密,牢宁来了孩子们，宁宁天下第一！,0,
Silent-Fitz,男,1：03一定是在座的各位吧[微笑],0,
别天天治愈之风了,男,Ciallo～(∠・ω< )⌒★,1,
文豪野狗,男,冲锋！,0,
即便没有羽翼,保密,@拔笔看卷心茫然,1,
MyArchetto,男,[微笑],1,
一般路过的狮子酱,保密,瓦达西诺……,0,
風见非非非,男,不是，这哥们谁啊，我咋一点印象都没有[辣眼睛][辣眼睛],0,
那盛开的繁华-此墨,男,來點逆天群友,0,
墨喵星突突母舰Official,保密,[笑哭]你们今天发这个是几个意思,0,
在原_心海,男,看哭了,0,
今ケ,保密,刚做完[委屈][委屈][委屈],0,
御坂琴梦,男,学姐线推完，䌷线正在推，下一个就是美咕噜线，最后推宁宁线,0,
追风的小忆,男,柚子社是你是会挑时间的[Mygo表情包_探头],1,
真真的寻汤圆,男,绫地宁宁我们喜欢你😍,0,
备力牙大帝,男,千恋万花不玩茉子线，给你头拧下来[阴险],1,
请问RJ是什么淤戏,女,[微笑],0,
拔作岛,保密,你无敌了,0,
想和小梓一起梓卫,保密,七夕节开学[墨镜],0,
精确86,男,没有留到明年七月二十一日发布我不是很认可[思考][思考][思考],1,
御坂琴梦,男,私のオナニーを見てください,0,
黑色胡桃木,女,@Anzn 我的美咕噜！[脸红],0,
常磐华乃的章鱼烧,保密,@鹭玄,1,
阿提缪斯,保密,懂了，七夕玩柚子社，我这辈子有了（,0,
图书馆の湿润桌角,男,这是什么番[傲娇],1,
゚りそな,男,好，魔女的夜宴，启动！,0,
翊羽幽夜_ll,保密,我喜欢你[微笑],1,
比山治还绅士,保密,@稻妻高级电工,0,
-绫地寧宁-,保密,[星空列车与白的旅行表情包_害怕],0,
丨Pegasus丨,男,[脱单doge],0,
我怀疑我在开车,保密,甚至不给放重置的高清版本[藏狐],0,
dkshajenmdf,保密,@三次元的すばる 😋,0,
不会唱歌的金丝雀,保密,最熟悉的一集,0,
侵入仁仁,女,在malody的时候听过这首 原来出自这,0,
人活着就是为了莉莉艾,保密,请好好看看我的0721,1,
纳西妲想吃冰糖,男,Ciallo～(∠◠ڼ◠)⌒✄♂,0,
死耗子可汗,保密,0721的大贤至圣先师绫地宁宁,1,
宁宁不明白哦,男,这是什么番？,1,
鴻雁銘心,男,私の0721,1,
仿生人漆黑,保密,我也想要女朋友，柚子哥能不能想想办法,0,
只喜欢小法的某萝莉控,女,[微笑],1,
火打谷の,女,[给心心],0,
三弎ミ,女,"宁宁在二次元又过得怎样呢🤔在那边开心吗😥有没有吃饱饭呢🙁学习怎么样，没有什么不会的题吧🧐睡觉能睡的安稳吗，在没有尽头的世界😔。有没有受到不公平的待遇，或是被谁欺负了呢😫对不起，宁宁，我没能保护好你，是我的不对😭对不起😭，我爱你😘，对不起😭，我爱你😘，对不起😭，我爱你😘是我对不住你宁宁幸亏☺️☺️咱们没结婚😉，如果领了证😥😥😥，我会耽误你一辈子的😝😝😝我要走啦～😞😞😣😣你一定保重啊😌再见🙁再见😞😞😞还会再见吗🥺🥺🥺宁宁，再见的时候你要幸福😄😄😄好不好，宁宁😢你要开心😧😧你要幸福好不好，开心啊🥺幸福🤧🤧你的世界以后没有我了😰😰😰没关系你要自己幸福🥺🥺🥺宁宁😨😨😨宁宁😫😫😫宁宁😭😭😭没有你我怎么活啊😭😭宁宁😭😭宁宁😭😭宁宁😭😭没有你我还怎么活啊😭宁宁你带我走吧宁宁！📣😢宁宁你带我走吧宁宁！！📣😰宁宁你带我走吧宁宁！！！📣😭
Ciallo～(∠・ω< )⌒☆",1,
CL-50-HELENA,保密,[微笑],0,
luminousdana,保密,知名fps大社,0,
七夜流火,男,你给我柚子我给你赞[滑稽],0,
没梦想的咸鲲,男,白色相簿2,0,
眼镜王宅,保密,第一,1,
群点刀,男,我在七夕和夏莉沃利克过[doge],0,
AcFan-AK,保密,"省流:过审老国王
图1
图3
我自己不剪掉这段都过不了审",0,
Aawwwwww,女,ciallo～～,0,
是小楠呀QAQ,男,这辈子值了,0,
千壶泷奈,男,🐎的，还是日版op,0,
曇あめ,女,七夕就要オナニー,0,
尬洛斯拌豆柯莱,男,@夜兰子颂 希望你打出0721不是ldnn,0,
长街南社五巷,保密,@公民公白飞 @不会吧不会吧不会吧- @褪色者2093 @拉姆我要了,2,
仔仔dyy,保密,这简直……我,1,
素祈_,保密,在没有玩过的时候从来没有想过会怎么快[Mygo表情包_害羞],1,
老年人_科隆,保密,我没有把枪口对向妇孺，而是选择对向自己。紧紧握住的是人性中的野蛮，涌溅出的是精神之海的浊秽。风雨大作之后呆滞的眼神是我最后的倔强。[脱单doge],1,
塑料姐姐__,男,[微笑],0,
并非妹控,保密,最喜欢的一集,1,
是小靳wa,男,"你是一名魔宴玩家。你推剧情到半夜2点，你决定睡觉了。但是你发现被子有点短，于是不断的调整被子，可不管怎么调整，被子总是短一截。你终于明白，玩了魔女的夜宴，你这被子也就这样了。
通过你不断的调整，你终于发现是被子横了过来，于是你明白了，玩了galgame这被子横着走了😃",1,
泪泪累,男,致敬传奇黄油巫女[doge],1,
郝子恒00,男,我爱宁宁,1,
路过的一只骚骚者,男,Ciallo～(∠・ω< )⌒★,1,
misaki-mei啊,男,Cialio(*σ´∀`)σ!,1,
炫彩石墨烯゚,保密,Ciallo～(∠・ω< )⌒★,1,
真布开心,保密,@Christopher_etc @吃个大番茄,1,
若黎redamancy,保密,宁宁是我跌,1,
哈露西卡,保密,[来古-注意],3,
喜欢雪风的g_tt,男,好好好,0,
世界第一超无敌大帅哥,保密,什么番,1,
一个有趣的杰,男,七夕节有宁宁陪我，你们没有[墨镜],1,
家裡蹲是絕對正義,女,0d000721[傲娇],1,
通8,保密,Ciallo～(∠・ω< )⌒★,1,
丛坂想艾莉,女,od00是我爹,0,
一只魈狗吖,男,好啊，很好啊（大喜,1,
一EKKO一,保密,Ciallo～(∠・ω< )⌒★,0,
Gediushed-,保密,椎叶䌷天下第一！,1,
菲利酱喵喵,男,@然然不吃海胆,1,
皮卡撸猫,保密,等打折！,0,
我要成为旮旯game糕手,保密,Ciallo～(∠・ω< )⌒☆,0,
如果幸福有颜色的话,保密,0721,1,
在几内亚湾等待妃爱,保密,前排,1,
゚墨柒希,女,[喜欢],0,
哥我爱吃肉肉,保密,[OK][OK][OK],1,
HYDURANGER,女,@诺漫Normann @绝望王 @绫崎亚十礼 @格拉斯顿伯里 @蕾娜蕾娜蕾娜 @假装自己是双马尾,0,
令几,保密,[小林家的龙女仆S_困困],0,
铁骨铮铮TG,男,魔女的夜宴，启动！,0,
CloudMosa,男,柚子社有多少影片我投幣給多少影片！,0,
垣根帝督督-05,保密,@华莓 @提提练度 @雪梨鹅 @三枝奈奈子 @小猪漏屁股 @妹抖受 @时羽千月 @千矢矢矢矢矢,0,
风早自由,保密,宁宁天下第一可爱！,0,
蔬菜精灵胡萝卜,男,今夕是何年,0,
゙゙゙丛雨,男,[喜欢][喜欢],0,
倾雨觞,保密,[微笑],0,
bs_Frank,保密,@ジェコ @沙福林大人_,0,
小气走knd,保密,@宵夜TAT,0,
校本_mmp,保密,😡😋真是豪啊,0,
浅川稻荷,保密,好,0,
星阳光城,男,这是什么😧（仿佛打开新世界的大门）,0,
zikokira,保密,@珂朵莉na,0,
杂志爱好者,保密,防萎♂认证,0,
夜叶萧,保密,七夕就要オナニー,0,
火兔烤兔排,保密,Ciallo～(∠・ω＜)⌒☆,0,
不会取名的一个屑,男,Ciallo～(∠・ω< )⌒★,0,
惠如仙,男,七夕开学了 笑死我了,0,
夜叶萧,保密,啊？,0,
我名白轻尘,男,好好好,0,
江口结瞳,男,Ciallo～(∠・ω< )⌒☆,0,
海薄伊染,保密,朋友 你发晚了呀 应该07.21发的,0,
沄弋,保密,Ciallo～(∠・ω< )⌒☆,0,
最love魔女伊蕾娜,保密,Ciallo～(∠・ω＜)⌒☆,0,
张羽小飞,男,Ciallo～(∠・ω< )⌒★,0,
森谷美铃爱上了村上遥,保密,什么动漫？,0,
月满萤飞-,保密,七夕发这个是吧[笑哭],0,
月下的光鳞之枪,保密,七夕节呜呜呜，我的宁宁终于来了,0,
在下小王啊,男,今天刚刚全打完[香奈美·追寻那道光 应援装扮_mvp][香奈美·追寻那道光 应援装扮_mvp],1,
一只咸鱼的蕾米,男,我嘞个柚子社啊,0,
帷幕相若,男,我永远喜欢椎叶紬[给心心],0,
疑神亚子_MeMeMe,男,我去，我喜欢看大家0721[喜欢][喜欢][喜欢],1,
暮瑟君,保密,太喜欢学姐大雷了,0,
cywl_尘缘未了,保密,美咕噜[脱单doge],0,
锋利三,男,Ciallo～(∠・ω< )⌒☆,0,
suki232,男,好看，爱看！,0,
一只宁宁宁宁宁,保密,经典,0,
-春的狗修金,男,不是哥 说好的死鱼眼呢[大哭],0,
千棘溯儿,保密,我喜欢你,0,
最后的白镖武士,保密,七夕只有我一个人孤独的0721😭,0,
月色序曲,保密,[藏狐],0,
小猫偷咸鱼Official,女,@阿猫也要干大事 @璨灿花开 @古明地化所,0,
音無乙坂,男,Ciallo～(∠・ω< )⌒★,0,
踏焰者,男,昨天買了中文化合集了，特價快結束了，預購從速,0,
Sakura-Fubuki_,保密,@弹药管理大师劣弧桑,0,
阿努比斯纳努克赛诺MAX,男,我刚玩，问一下柚子社每一部尺度都这样吗[tv_doge],1,
君堡20K,保密,今年七夕不玩gal，玩eu4[给心心],1,
贰条院羽月,保密,七夕节一个人在家里启动yuzusoft[墨镜],1,
朝日俱乐部,保密,我单方面宣布b站真身看@工房画师同人站,1,
泛霜挂玉珠,保密,七夕一个人在家里玩galgame[大哭],1,
SunFogEliro,男,七夕节发，象征着我和美咕噜的爱情对吗🥰🥰🥰,1,
悠然冰灵,保密,嘿嘿[封茗囧菌收藏集·风象双子_托脸],1,
神樂坂浮沉,保密,七夕该干啥不用我说了吧[傲娇],1,
八奈见-杏菜ovo,保密,[Mygo表情包_Love],0,
花开-蝶相护,保密,请我看大家0721吧！,0,
今宵画星辰,保密,好好好[星空列车与白的旅行表情包_猫猫问号],1,
善良的喵,男,什么时候移植ns,0,
---请-输-入-昵-称----,保密,世界各地都遍布着柚子厨[吃瓜],0,
不是哥们那你就,男,0D000721[doge],0,
庄周梦飞蝶,保密,暗示七夕0721是吧[大哭],1,
L1uBai_留白,男,@红色果蝇,0,
崩坏学园_拉妮艾特,保密,七夕放这个，好好好，陪我的紬去了🥰,1,
一只路过的巨浪-233,保密,这是什么you♂see♂[doge],1,
孤独的观测者塔,保密,[脱单doge][脱单doge][脱单doge],1,
濑德的我,男,在？高清重制什么时候打折？[脱单doge],1,
仙人李某,保密,情人节玩gal[doge],1,
AKA_阿超,保密,致敬传奇耐审核王柚子社,1,
想和你一起放纸鸢,男,最想0721的一集[笑哭],1,
Kumapoi菌,保密,刚通憧子姐的线，太爱了,0,
fufu今天吃大米,男,@反叛的棉阿周,1,
樱子最最喜欢,保密,不是07:21发差评[doge],1,
是张sir,男,七夕节发是吧,1,
贞德•达尔克,保密,在？你天使嚣嚣官中呢？[藏狐],1,
RC天才,男,@悲伤合成器 [给心心],1,
快到球球这来,保密,我来力[doge][doge],1,
東条FLAG,男,Ciallo～(∠・ω< )⌒☆,1,
maoyuunya,保密,为什么不在7月21号发（恼）,1,
幻想まぼろOfficial,男,ciallo,1,
繁星不若尘,保密,瓦大西诺哦那你迷迭苦那塞,1,
北港和南巷,保密,七夕到了记得陪伴一下g游女朋友[脱单doge],1,
MuseScore66,保密,有人在看按时间排序吗,1,
修行中的大魔法师,保密,谔谔，正推着呢，寻思等b站看一眼。。。。,0,
中二炫酷摇滚小王子,保密,@学校摆烂大王,0,
寒桑绝不破防,男,最近玩完千恋万花，我真的心里好烧啊[大哭][大哭]很明显感觉幻想哥布林属性又增加了，我现在见不到她们就难受口牙！（击破次元壁）快让我去穗织口牙！只要到达那个地方！我就像是中了真蓄的大剑🦐、有了灵化的真理权杖、穿墙杀五个的奥丁犬、买出焚天的剑魔、拿到调香瓶的掉色人、6次触发瞬杀的吒克斯、一抽兽尼禄的御主、拿到553蝴蝶的蜉蝣、拿到白王皮肤的细胞人、趴地6似一队的伏地魔、看见夏生捡👟的安田、小保底没歪过的零氪党、驾考四科全部初见过的大学牲，知道什么感觉嘛[大哭][大哭]就是爽啊，舒坦啊！总之快来个好心的出租车司机把我送到柚子宇宙口牙！我什么都会做的[大哭][大哭],0,
绫地宁宁德起爆器,保密,柚子厨有实力的[doge],0,
樱之霜羽,保密,Ciallo～(∠・ω< )⌒★,0,
一人一龟建,保密,这是什么动漫,0,
冷木LEM_ON,男,[初音未来_nice],0,
清小涧,保密,没人觉得这个op前面几个音和鲁路修op前面几个音很像吗[笑哭][笑哭][doge],0,
不是幼刀太平公主,男,和千恋万花一样的废萌吗？,0,
樂透心,保密,[東雪蓮_好耶],0,
有君如水,保密,Ciallo～(∠・ω< )⌒★，七夕快乐。,0,
单推鸟憨,男,最喜欢的一级,0,
阿笑_QAQ,保密,@德意志钢板领先,0,
七海的马尾,保密,Ciallo～(∠・ω< )⌒☆,0,
-DJ大军-,保密,啊？,0,
英国慈善家er,保密,啊？！,0,
憧子姐,男,这下看懂了,0,
重度二次元_,保密,老婆们可爱呢,0,
AlexD_,男,桐谷华之力,0,
宅家的neet_蓬莱山辉夜,保密,致敬传奇桌角战神绫地宁宁,0,
中二炫酷摇滚小王子,保密,@港口指挥官璃乃,0,
死水卫兵,保密,啊啊啊，回忆来了,0,
没有梓宝就会似,保密,这下看懂了,0,
回头看天下,保密,"@Shelvz @bili_170163913 @集束拳 @初雪のねこ 
☝️😫🥵💦
你说得对，但是每个团队都需要有以下种人：
领头的羊🐏敏捷的豹🐆善战的狼🐺骁勇的虎🐯远见的鹰🦅忠诚的狗🐕不停的鹿🦌不停的鹿🦌不停的鹿🦌不停的鹿🦌不停的鹿🦌不停的鹿🦌不停的鹿🦌不停的鹿🦌不停的鹿🦌不停的鹿🦌不停的鹿🦌不停的鹿🦌不停的鹿🦌不停的鹿🦌不停的鹿🦌不停的鹿🦌不停的鹿🦌不停的鹿🦌不停的鹿🦌不停的鹿🦌不停的鹿🦌不停的鹿🦌不停的鹿🦌不停的鹿🦌不停的鹿🦌不停的鹿🦌不停的鹿🦌不停的鹿🦌不停的鹿🦌不停的鹿🦌不停的鹿🦌不停的鹿🦌不停的鹿🦌不停的鹿🦌疯狂的🐍疯狂的🐍疯狂的🐍疯狂的🐍疯狂的🐍疯狂的🐍疯狂的🐍疯狂的🐍疯狂的🐍疯狂的🐍🌿用力的草🌿用力的草🌿用力的草🌿坚挺的牛🐮坚挺的牛🐮坚挺的牛🐮🐳浓稠的鲸🐳浓稠的鲸🐳浓稠的鲸🐳爆炸的鸡🐔爆炸的鸡🐔爆炸的鸡🐔爆炸的鸡🐔连续的🐍连续的🐍连续的🐍忘我的🐛忘我的🐛忘我的🐛玩命的🐞玩命的🐞玩命的🐞玩命的🐞玩命的🐞玩命的🐞玩命的🐞玩命的🐞玩命的🐞玩命的🐞玩命的🐞玩命的🐞玩命的🐞玩命的🐞玩命的🐞",0,
Cialloinheart,保密,啊？,0,
户织齐安,男,@爱吃高性能萝卜子,0,
AloisVonBurgund,男,绫地线够神,0,
虹夏虹虹夏,保密,这就是七夕应该玩的游戏😋,0,
SANBLOCK,保密,宁宁这套衣服真是瑟琴,0,
绫地宁宁のOfficial,保密,来了来了,0,
最乖不过月下喵,保密,@南宫家的憨批羽寒,0,
彩虹海与雪流星之梦,男,哇哦,0,
常陆茉子常陆茉子,保密,宁宁最可爱辣[喜欢],0,
蔺风吟,女,什么动漫,0,
四次元呆毛,保密,打工战士和奏🎸,0,
明月栞那是谁,保密,什么游戏[微笑],0,
重生之我要成为gal糕手,男,七夕就该玩魔女的夜宴[doge],0,
鸥咪嘎嘎,男,本站唯一能投自制的UP主[喜欢][喜欢][喜欢],0,
FUNNY_GAMER,保密,不懂就问，这是8月新番嘛？,0,
久世响希君,男,下午不好,0,
御坂19404号,男,我喜欢美咕噜[打call],0,
科比布莱恩特_official,保密,随便打打🥺,0,
路过的Even,保密,@奇葩的小毛,0,
両儀生未那,女,刚去完…,0,
Saki_P_,男,美咕噜我的美咕噜😭,0,
砂糖厚蛋烧,保密,[斋藤直葵表情包_打call][斋藤直葵表情包_打call][斋藤直葵表情包_打call],0,
爱莉的清蒸鱼,女,没出息,0,
rewindplz,男,00 你 带我走吧😭,0,
嗤笑红栀,男,Ciallo～,0,
小豆梓爱你,女,[脱单doge],0,
京爷v我50,保密,仮屋和奏万岁,0,
白雪乃爱缓冲中,男,你怎么知道我七夕在玩柚子社,0,
鱼久久丶,保密,steam百小时玩家发来贺电,0,
破面帶土冷門信仰玩家,男,新手推荐玩什么,0,
葱油面piano,男,豪丸，艾丸,0,
原神华为比亚迪,保密,@贾大乔qwq,0,
花洒栞那,男,[微笑],0,
tiancai楊,男,Ciallo～(∠・ω< )⌒☆,0,
七夕之期希其惜,保密,保  留  节  墓,0,
迪奥捷豹,男,[星空列车与白的旅行表情包_喝奶],0,
Naka219,保密,@元首在吃金坷垃 别艾特我了我看过了[Mygo表情包_让我看看],0,
Neri音理,保密,Ciallo～(∠・ω< )⌒★[Mygo表情包_Love],0,
魔女的夜宴丷宁宁,保密,七夕整这活是吧，还有，Ciallo~（∠·ω＜）⌒△,0,
一柳队0梨璃-梦结,保密,喜欢宁宁和学姐,0,
感觉YOO,男,好好好,0,
吾名钟某_,男,[微笑],0,
常楽天君,男,Ciallo～(∠・ω< )⌒☆,0,
你tm劈我荧是吧,男,我喜欢你[微笑],0,
在下林天起,男,[响指][脱单doge],0,
柴郡皇,保密,这部我只单推了宁宁,0,
落羽归来,男,第一,1,
我可能没意见,保密,666这个入是官方,0,
头上一颗白花菜,男,好的，今晚约会回到家就玩这个,0,
0d00O721,男,[星空列车与白的旅行表情包_给心心],0,
slggr,保密,什么里番,0,
゙゚゙゙゚゙゚゚゙゚,保密,怎么不07：21发😡,1,
Heng琴,男,这是什么新番嘛，(∠・ω< )⌒★,0,
梦缘雨露,保密,Ciallo～(∠・ω< )⌒☆,0,
什亭之闸-ARONA,男,@一声阿于便好,0,
Imitator__,保密,Ciallo～(∠・ω< )⌒★,0,
肯尼奥米茄,保密,@--余笙--_ 你最喜欢的,0,
有名仕,男,七夕就应该跟我可爱的美咕噜一起过[傲娇],0,
星河城防御,保密,七夕当然和美咕噜一起过啦[给心心],0,
DoubleAlpha,男,@Grey_Witch丿,0,
Lu劳斯,保密,憧子姐最棒了，宁宁也最棒,0,
一方通刑丶,男,[微笑],0,
丛雨の主です,保密,[微笑],0,
bili_480228552,保密,[doge_金箍]好,0,
丸步堂龙一的律师徽章,保密,老师，我的星巴克呢？,0,
飞翔的毽子,男,Ciallo～(∠・ω< )⌒★,0,
星苍梦,保密,我穿越了？[登门喜鹊_emm],0,
杨书石,保密,七夕快乐！,0,
唐知凡,男,这是什么[夏诺雅_盯]@星辰坠落彡,0,
侦探部部长日向彼方,男,[纸上的魔法使表情包_比心心],0,
SlAyINg_SqUEezIN,保密,啊？,0,
結城_明日奈-,保密,@仰望雨雪 @Jyusaki,0,
攻玉-_-,保密,@石头--_-,0,
野兔的天空,女,这个我还没买，打折再说,0,
她的天使か,保密,啊,0,
河北下路,男,什么动漫[微笑],0,
钻石原矿,保密,@和奏和奏和,0,
杨sir-k,男,0721大神,0,
濁った雲,保密,这是什么动漫啊[微笑],0,
梨狐幼麟又睡觉,女,好好好,0,
emm取名字难,男,@离光愿,0,
地平线の浅间智,男,@你又在做梦了,0,
芳乃yo,保密,[打call][打call][打call],0,
Mr__663,保密,Ciallo～(∠・ω< )⌒★,0,
ユメみたい,保密,这下听懂了,0,
在下黯23,保密,啊?Ciallo～(∠・ω< )⌒☆,0,
LEMONCHANN,保密,请问这是什么动漫,0,
被鸽子吃掉的九头虫,男,😋👍,0,
幻世的夜羽,保密,不做成动漫真是可惜了[委屈],0,
優木ともり,男,私のオナニーを見てください！,0,
言峰杨,保密,这是什么动漫[doge],0,
不会0721的0d00,保密,请问你看见我的起爆器了吗[微笑],0,
伊藤诚不做人了,保密,0721,0,
晓瑞233,男,七夕发这个，柚子社你无敌了,0,
硫酸钡不可溶,保密,@NEKO大王_,1,
tyyjdsl,保密,宁宁🥵🥵🥵,0,
在原七海纳百川,保密,@绫地宁宁死不屈,0,
高木_同学,保密,ciallo (∠·ω )⌒★,0,
快乐的一只小丁丁,男,这个我是真喜欢,0,
封凌晨夜,男,@爱吃蛋包饭的凉仙贝 登登登登登登登登,0,
飛鷹子,男,我海道呢，我好基友呢😭,0,
JIE19249,男,这就玩,0,
寅午戌旦丁,男,来了来了[doge],0,
彩虹边嘅鱼丸,男,我永远喜欢宁宁[给心心],0,
硝子的月亮,保密,@抱书懒人 @黄金书斋,0,
纸骗仁,保密,那个白头发的应该叫栞那吧,0,
゚゚゚゚丛雨,保密,[微笑],0,
古瓜皮,男,@不更衣小夜,0,
猫瑾不是瑾,女,所以我的𣓁那和我的三司呢[笑][笑][笑],0,
骇人的恶兽,保密,瓦塔西诺0721迷迭哭大赛[doge],0,
Huxnbox,男,@宇宙奥德赛 @夜海文心 @紫苏九月,0,
四季ナツメ,保密,Ciallo～(∠・ω< )⌒☆,0,
紙袋套頭の新海天,男,什么动漫,0,
海洋主宰_艾德莱斯,女,超？ 我还想发呢[捂脸],0,
Rinne511,保密,嚯嚯嚯，晚班回家就有柚子厨看,0,
Al-jack,保密,最喜欢的俩角色,0,
AAA欧莉叶平板教学,保密,"回来吧绫地宁宁😭
我最骄傲的魔女👿
历历在目的桌角😍
银水莫名在流淌🤤
依稀记得起爆器💥
还有沟槽的一周目😡
把魔力都给收集🔮
熬夜0721都不累😭",0,
铁桶PMD,保密,真假李逵[doge],0,
JinmtZzY,男,我是幻想哥布林,0,
猫猫的千枚铳牌,保密,柚子是会发op的（,0,
神锋敛彩,男,Ciallo～(∠・ω< )⌒★,0,
单机天尊,男,这是什么动漫,0,
手部癫痫,保密,最喜欢的一集[星星眼],0,
怜幽星月,女,不是，你们不说我还真不知道今天是七夕,0,
太伟大了哈耶克,女,太燃了,0,
天使不一定长着翅膀,保密,还活着吗）,0,
我永远喜欢绫地宁宁_,保密,芜湖~,0,
撸猫又撸刀,保密,[打call],0,
我喜欢天音,男,Ciallo～(∠・ω< )⌒★,0,
白绫白林白,女,Ciallo～(∠・ω< )⌒☆,1,
猪鸭汐,保密,不在7月21发在七夕发是吧,1,
邻家拉菲,保密,美咕噜是我叠！,0,
黎明贯穿者,男,美咕噜为什么是神，她一眼就是那种能带你打猎的天尊啊,0,
゙゚゙゙账号已注销,保密,[東雪蓮_期待],0,
超自研桌子上的水晶球,女,我依旧看着,0,
超自研桌子上的水晶球,女,豪庭🤓,0,
叮加加,男,Ciallo～(∠・ω< )⌒☆,2,
MeLt绯,男,到点了,1,
手脚,保密,神中神！,0,
永远亭的宅女,保密,最喜欢的一集,0,
アカリカイ,保密,来了来了来了[给心心],0,
91戴嘉伟,保密,@时雨院 @西伯利亚西边的西瓜 @KSstyle丶鲲神 @这是简写 @青云落鹜 @耶梦x @xerc-_-,0,
黑绘澪,保密,30w柚子厨[doge],0,
我妻加藤惠_,保密,宁宁可爱捏😋,1,
七月晴biss,保密,七夕告白失败来逼站刷gal了，果然三次元没有真爱……,0,
托马Neos,男,🤔这是新番吗,1,
至于那个明天再说吧,男,宁顺宁 因顺幡 和顺奏,0,
御主の旅Baitsuhi,保密,"Ciallo～(∠・ω＜)⌒☆
昨天下午花了6个小时摸了一张[美月もも_嗨老婆]",3,
莉莉学姊LilySenpai,男,Ciallo～(∠・ω< )⌒☆,0,
吾王メ夏娜,保密,宁宁赛高！Ciallo～(∠・ω< )⌒⭐,0,
にみそら,保密,我喜欢你[微笑][微笑],1,
Ether-Zero,男,Ciallo～(∠・ω< )⌒☆,0,
一氯化二碳,女,最喜欢的一集,0,
超绝可爱美少女凯露酱,男,䌷妈可爱捏[打call],0,
w鱼57yN,保密,最好玩的一集,0,
菈菈_格雷拉特,保密,[打call],0,
今天晚上吃蛇肉,保密,@云摆摊上 😋七夕节就该看这个,0,
sio宝单推人,男,啊？过审老皇帝[笑哭],0,
skibidi喷火马桶,保密,今夕是何年？,0,
铃寒枫烨,男,没玩过呢,0,
立華かなで愛してる,男,私のオナニーを見てください,0,
蔺风吟,女,什么动漫,0,
宇痣钵啥是gay,男,[微笑],0,
索菲暮光_,男,我在等妹妹[doge],0,
黎落故里,男,七夕和宁宁0721捏,0,
Happy无言,女,rj呢，咖啡馆呢[大哭],0,
゙゙灰烬大人,男,[doge],0,
Vania-A,女,我爱美咕噜！,0,
Resist丶,保密,快把DR的op搬上来吧 我什么都会做的,0,
还有谁qwer,男,不停地鹿,0,
一般喜欢樱岛麻衣,保密,@星散电流 啥游戏,0,
乃滋米_Official,保密,喜欢我吗,0,
游戏宅LiYang,保密,七夕节最好的礼物,0,
小雪残今夜,男,你好,0,
我先换一下名字,保密,Ciallo～(∠・ω< )⌒☆,0,
铁桶PMD,保密,[doge],0,
是桦喵,保密,看了这才知道我打的段位曲出自这儿[笑哭],0,
千川素希_若松奈,保密,[鼓掌],0,
呆莫酱02,保密,华哥[微笑],0,
唱摇滚的金丝雀,男,这是什么动漫啊,0,
晴空彼岸,男,致敬传奇圆桌骑士[OK],0,
灵虚之幽,男,问：图书室的桌角磨圆了吗[哦呼],1,
是真的哩,保密,Ciallo～(∠・ω< )⌒☆,0,
OvoGD,男,Ciallo～(∠・ω< )⌒★,0,
二月的第三十一天,男,我永远喜欢假屋合奏！！,0,
余晞Erearce,保密,Ciallo～(∠・ω< )⌒★,0,
零涼,保密,Ciallo～(∠・ω< )⌒☆,0,
饼藏滴滴滴,男,0721,0,
可胡巴,保密,0721宁[doge],0,
瑞雪YuKi,男,Ciallo～(∠・ω< )⌒☆,0,
受惊,女,七夕节只有我和手上的孩子玩gal[笑哭],0,
梦想成为恋爱糕手,保密,新作什么的有在好好做吗[给心心][给心心],1,
阿库尔斯,保密,专挑七夕发 真会照顾我们,1,
傻啦吧唧的_,保密,Ciallo～(∠・ω＜)⌒☆,0,
幼刀むらさめ酱,保密,现在是，0721时间[傲娇],0,
怕甜吃点盐,男,@第一次鸡丁 启启启！启动！,0,
铃木晴香,女,最喜欢的一作[打call],0,
远山要,保密,Ciallo～(∠・ω< )⌒☆,0,
月韵画枫,男,好耶好耶,0,
有地绫ちゃん,保密,快出装扮😡😡😡,0,
和泉纱雾___Official,男,这是什么游戏，Ciallo～(∠・ω< )⌒☆,0,
宇痣钵啥是gay,男,请问魔宴是什么游戏,0,
上课摸鱼爽,男,@花田朝子 七夕特辑,0,
結城_明日奈-,保密,@仰望雨雪 @Jyusaki,0,
_-宁配吗-_,男,"越路是我的[害羞]
求越路线",0,
冬青-HollyLee,男,我来！0d000721[喜欢],0,
超自研桌子上的水晶球,女,……（背景）,0,
FGO怎么你了,男,什么动漫[微笑],0,
猴子大王0721号,保密,Ciallo～(∠・ω< )⌒☆,0,
辞星゛,男,有点意思哈,0,
琼俊,男,Ciallo～(∠・ω＜)⌒☆,0,
can-new-more,保密,[脱单doge][惊讶],0,
宇佐见函钩,男,七夕的时候你发这个[大哭][大哭][大哭],0,
星麟兮,保密,情人节发，好好好这么玩，是吧？,0,
风铃ゾ,男,Ciallo～(∠・ω< )⌒☆,0,
橘文乃,保密,这0721啊，那个保科柊史他不看不行的。,0,
四核处理器,保密,好耶合奏！,0,
秩戊酩,男,什么游戏,0,
就避开吧,保密,[嘟嘟],0,
紬非愁,男,啥时候能在b站卖卖周边啊，淘宝的都太贵了[鹿乃_惊],0,
27不是柚子吖,保密,好耶！终于来力,0,
鹿栖婭,女,[打call],0,
_岚映,男,对了我还没推完[妙啊],0,
bili-2531771935,保密,七夕把丛雨线过完了,0,
量子公司,保密,[吃瓜],0,
綾地寧寧,保密,今夕是何年?,0,
最愛吃包子,男,我喜欢你,0,
罗Mio酱,保密,求安卓直装,0,
゚゙゚゚欧尼酱,女,[微笑],0,
夏目Natsume丶,男,这是什么动漫啊,0,
日付变更線,男,官方就是牛，都不用打码,0,
笔暮,男,不是哥们,0,
某理解者的奥帝努斯,女,我永远喜欢和奏,0,
゚丛雨,保密,Ciallo～(∠・ω< )⌒☆,0,
_STARSCH_,男,我是憧子学姐的狗,0,
我真不是阿杰,男,下一个该RJ了[doge],0,
凌地_宁宁,保密,@冻猪排攻击,0,
云璃雾里_,保密,什么时候出新作啊,0,
长灯_,男,最喜欢的一集,0,
恐龙不是小喵咪,男,哇哒西瓦翁纳尼咪德科那赛！,0,
Black-Clover-,保密,Ciallo～(∠・ω< )⌒☆,0,
理颜_Official,女,七夕节一个人在家里上课,0,
芳乃宇宙第一,保密,这到底是什么动漫啊,0,
小佐月,女,@高松灯好可爱呀 [绝区零_干杯],0,
永遠的春夢,女,今天刚好是情人节捏,0,
凪风风凪,保密,不懂就问，这是新番吗[doge],0,
ZrXingLZ,男,柚子厨真的是[傲娇],0,
毛玉王哒,男,我去，柚子社,0,
也許事与願違,男,Ciallo～(∠・ω< )⌒★,0,
才ナニー,保密,[星星眼],0,
柚子厨不请自来哟,保密,什么时候出收藏集，我要狠狠支持氪金,0,
浅默知枫,保密,七夕节知道玩哪个了（）,0,
Ai-孤舟,保密,柚子社的魔法又来了，这OP动画简直是一场视觉盛宴，工房画师的同人翻译也是一绝，瞬间被圈粉！,0,
_城市之光,保密,0d00😍,0,
茉子你就是我的女主角,保密,七夕一起和宁宁0721度过吧,0,
゚゚゚樱小路露娜,女,是这样的,0,
伏安Phantom,保密,这是啥[doge],0,
哈基宁宁_,男,[微笑],0,
最讨厌藤藤蛇,女,太熟悉了，回来了，都回来了,0,
椎叶つむぎ,保密,椎叶紬最棒了[Alice In Cradle 格拉提亚 表情包_真香],0,
Bian-Tao,男,什么时候能宣布动画化啊,0,
JaRvi5_qwq,男,最喜欢的一部柚子社作品,0,
小勾晴说她喜欢你哦,保密,宁宁带我走吧😭😭😭,0,
优梨,男,可恶，还是玩最爱玩的咖啡馆吧,0,
秋梅望雪,保密,Ciallo～(∠・ω< )⌒☆,0,
二階堂彩,保密,原来你有官号啊,0,
遥不可及by星辰,保密,kksk,0,
-德皇万岁,男,怎么这么晚才发😡,0,
含情茉茉逆于心,男,好看，爱看👀，晚上再回去再看看,0,
ユニです,男,昨天刚推到restart,0,
゚鲸鱼娘西丝特official,男,私のオナニーを見てください！！！,0,
恋雪恋雪雪,男,七夕节一个人在家里玩galgame😭,0,
潇雨音yn,男,经典 永垂不朽[纸上的魔法使表情包_吃雪糕],0,
目土八土头,保密,我喜欢美咕噜[Mygo表情包_探头],0,
BaceaF,保密,所有柚子厨都来0721！,0,
Weeeiiiiiii,保密,Ciallo～(∠・ω< )⌒☆,0,
茉子__,保密,@樱落繁花丶漫星如缎 @吾名长明,0,
穗织月下少女小丛雨,保密,最爱看的一集[星星眼],0,
新哥本人,男,今夕是何年？,0,
人生有限公司ff,男,原来是我来早了😋,0,
zzizi337,保密,最喜欢的一集,0,
LovingAoko,男,这是什么动画[微笑],0,
沐茜的敢敢,男,今天七夕[委屈][大哭],0,
我叫水白,男,动画化？,0,
吸吸你的外星人,保密,[微笑],0,
恐怖开胸人,保密,哈哈和宁宁过七夕🥰🥰🥰,0,
尝试健康生活的小黄鸭,男,今天是七夕，暗示所有在今天刷到这个视频的都要0721[妙啊],0,
坎坎派,保密,我永远喜欢绫地宁宁,0,
KonnoYuukii,保密,最喜欢的一集[大哭][大哭],0,
SchwarzKatze蓝冰,男,Ciallo～(∠・ω< )⌒☆,0,
-K0ng-,保密,[微笑],0,
璃芜殇丶,男,Ciallo～(∠・ω＜)⌒☆,0,
羞萝战神,男,6,0,
下一站逆光,男,Ciallo～,0,
吉川理条野,男,0d00 ！,0,
沙雕哟_,保密,魔女的夜宴，启动😋,0,
慧谷占星龙,男,所以新作呢？！,0,
风又茵绪,保密,[星空列车与白的旅行表情包_诶嘿],0,
一粒沐尘,保密,看完了，现在我就要去找夏莉画宁宁的本子[脱单doge],0,
濒死轮回的卿于馆中萌,男,什么游戏,0,
皐月君,男,闻着味就来了[doge],0,
摸鱼怪宁宁酱,男,[doge],0,
NeVerm1nd__,男,你怎么知道我七夕在家打gal😎,0,
绫地宁宁启爆器,男,这是什么动漫[来古-疑问],1,
花乃玖枼月,男,@Mio040 @宅弱,0,
戸隐憧子,保密,[微笑],0,
名字长吸引别人注意,男,今夕是何年？,1,
明月栞泽,男,[笑][脱单doge],1,
超级柚孑厨,保密,爹！,0,
榻榻米神の憎恨,保密,七夕了，我还是一个人啊！[大哭][大哭][大哭][大哭][大哭][大哭],0,
大黑猴子爱老八,保密,Ciallo～(∠・ω< )⌒☆,0,
硬笔小笼包,保密,@碳酸咖啡,1,
躺枪的琪露诺,保密,[Saru表情包_Ciallo][Saru表情包_Ciallo][Saru表情包_Ciallo],0,
bili_31928476106,保密,七夕轻弩仔一个人在打猎中。。。[笑哭],0,
悠悠霊,保密,什么是galgame,0,
叶凡zj,保密,ciallo~,0,
傻乎乎的天童,保密,@日本爱吃东风快递 这个才是我喜欢的,0,
三味彡情茶,保密,这辈子有了,0,
紅與白色,女,好好好,0,
阿笑_QAQ,保密,@天靑い,0,
焯焯级英雄,保密,0d00怎么了😳,0,
Kanon丶Ko,保密,0721，启动,0,
風の歌を聽け,保密,好诶[打call],0,
学校に行く人,男,这才是七夕该看的😭,0,
adoreQQQ,保密,美咕噜是我爹,0,
是我星宫哒,男,这是新作吗,0,
Arcueid_Brunstad,男,Ciallo～(∠・ω＜)⌒☆,0,
长梦永存,男,Ciallo～(∠・ω< )⌒☆,0,
筱宫Miya,保密,紬妈快喂我饭😭😭😭,0,
东志Anton,保密,八小时前,0,
卡布奇诺炖排骨,男,私のオナニーを見てください,1,
鄀曦华年,保密,七夕发魔宴要0721？,0,
那个男人hhh,保密,@艃高,0,
小野sensei,保密,什么动漫[微笑],1,
suki宁宁,保密,[微笑],0,
迷の鼠耳菌,男,我先放个有声图片在这[doge],0,
千恋万花大王,女,常年玩柚子社的人都目光炯炯有神，非常自信，且智商逐年上升，最后完全成为天才。玩柚子社会改造身体结构，预防各种不治之症。人一旦开始玩柚子社就说明这个人的智慧品行样貌通通都是上等，这辈子都能在任何地方风姿飒爽。柚子厨具有强烈的社会正义感，对治安稳定有巨大的贡献，保护普通人的生命,0,
千恋万花大王,女,"常年玩柚子社的人都是人中龙凤，有安邦定国之志，是经天纬地之才。
关于柚子厨的优势最早可以追溯到白垩纪晚期，人类的老祖先阿喀琉斯基猴通过玩柚子社游戏迅速增长智力抵御小行星，顺利地在天灾中幸存，而愚蠢的恐龙未能窥见柚子社之奥妙最终灭绝。二十万年前，懂得持续玩柚子社的聪明智人很快便掌握了更强的团队合作意识和更先进的社会结构，而从不玩柚子社游戏的愚蠢尼安德特人最终无法适应环境变化在竞争中落败直至灭亡。因此玩柚子社会显著优化大脑结构，迅速提升智力，在自然、社会竞争中取得无法比拟的优势。
早在文艺复兴时期，柚子学家们便提出了一个著名的论断，人类文明最初的标志是“一张拼接过的柚子社游戏石板”。他们是这样解释的，在茹毛饮血的上古时期，没有柚子社游戏玩的人，除非得到其他人的家庭共享，否则必死无疑，因为不玩柚子社，人就会死。因此一张拼接过的游戏石板表明在修复石板时有人家庭共享柚子社，学者认为这是家庭这一观念的雏形，也是文明的起点。",0,
阿昊多行不义有大病,男,@崩批はだけを遊びます [粥粥表情包_喝茶],0,
千恋万花大王,女,柚子社？（眼神躲闪）我不玩柚子社（攥紧衣角）我真的不玩！（流汗）什么……什么柚子社（吞吞吐吐）我不知道啊……啊啊啊我不要，我不要你不要说了，柚子社是什么（颤抖）（爬行）啊啊啊！不要再说了！我不知道我什么都不知道！（抓狂）（破门而出）（尖叫）,0,
农夫㟫此方,男,才不是没人一起才不去外面过情人节呢，只是美咕噜拉着我的手要我陪她罢了[喜欢],0,
顾少云,保密,柚子巅峰之作[Mygo表情包_Love][Mygo表情包_Love],0,
无尽沙漠,男,你猜是谁七夕一个人在家玩gal[星空列车与白的旅行表情包_给心心],0,
无敌O721大王,保密,看来今天要狠狠0721了[星星眼][星星眼],0,
猫恋二条院,男,私のオナニーを見でください～～[doge],0,
竹中守,男,"完了，这下七夕的计划被打乱了。
死馆，关闭！魔宴，再启动！",0,
鎏朿,男,七夕节大家一起オナニー[脱单doge],0,
狼にのっ乗っ,男,@我永远喜欢四季夏目QAQ @Love_Chai,0,
树下的小鱼儿,保密,这才是我该看的OP呀[热],0,
卡琳倒车入库,保密,柚子社能请到0d00表演0721也是值得吹一辈子了,0,
sfcr,男,玄十郎厨不请自来[doge],0,
龖憨,保密,真美好啊[doge],0,
想要变成鲲的鱼,保密,七夕一个人的话，就只能…瓦达西瓦欧纳尼哟迷迭苦那塞！,0,
十有八九是要寄了,保密,[微笑],0,
我爱碌覌,保密,玩旮旯给木的死路一条,0,
华法琳小姐の狗,男,“请好好看着我0721！”,0,
明日的老猎人,男,致敬传奇0721战士0d00,0,
明天依旧怎么样,男,万千世界迷人眼，只有学姐如我心[脱单doge],0,
心态好的洛水,男,想起来第一次玩进去就点了restart[笑哭],0,
塞拉万岁,男,等夏空彼方的op[大哭],0,
hello_anastasia,男,好看,0,
NagNip_XH,保密,天绫绫地宁宁~,0,
逾期_GIF,保密,[微笑],0,
ConsTantG,保密,这下看懂了,0,
叶子酱可爱呢,保密,オナニー,0,
柚曽太-茶朗,男,ciallo～(∠・ω< )⌒☆,0,
閃擊波蘭,男,基岩,0,
夜星-NightStar,男,Ciallo～(∠・ω< )⌒☆,0,
可怜的一小时,保密,ciallo[惊喜],0,
木兆木兆子qaq,女,好啊很好啊😋宁宁跟我一起过七夕,0,
鸢一天晴,男,Ciallo～(∠・ω< )⌒★,0,
百合园_圣娅,保密,宁宁满足了我对美好爱情的任何幻想，再也没有第二个人在世界重写后，为了与我重逢努力并等待多年，只想再与我一起获得幸福,0,
アルカテイル,保密,0721[喜欢]0721[星星眼]0721[惊喜],0,
三司0濑,男,[微笑],0,
゚凉花,女,七夕就应该0721（喜）,0,
美咕噜是什么英雄,保密,什么动漫！,0,
风静-风起,男,七夕发魔女不怀好意啊,0,
star__繁星,保密,wadaxiwaonaniyomidekudasai,0,
亚波伦Sekipo,男,这下知道七夕该干嘛了🤓,0,
D-AriaunL,保密,0721大帝！,0,
希望教教主狛枝凪斗-,保密,九分钟,0,
是麟酱哟,保密,最喜欢的一集,0,
风王PH,保密,阅,0,
坚果教头,男,[doge][青叶表情包_桀桀桀],0,
wgncjjun,男,好的，开始0721🤓,0,
星星求饶,保密,0721至贤先师,0,
啊什么作业是昨天交吗,男,Ciallo～(∠・ω< )⌒☆,0,
是雨墨喔,保密,最喜欢宁宁了[打call],0,
Shiroha_Naruse_,男,七夕发这个是吧（,0,
蒙恬流萤的笔,保密,瓦达西搙欧那尼有米带库鲁塞😡,0,
-饮溪之鹿-,男,瓦...瓦大西喏...,0,
月占半戈6666,男,0d000721,0,
五更琉璃怎么这么可爱,保密,@听从祂的指引 得玩点纯爱的,0,
so人so,女,我喜欢玩千恋万花[星星眼][星星眼][星星眼],0,
三司平原绫,男,Ciallo～(∠・ω< )⌒☆,0,
罗马元老院与人民,男,(・ω< )★ciallo,0,
invinder,保密,看我投币数[脱单doge],0,
日尧在橘子洲,男,好唉,0,
起爆器之神宁宁,男,我喜欢你[微笑],1,
幻花真的不御妹,保密,什么动漫?,0,
小豆梓爱你,女,[脱单doge]我爱0721,0,
援桌骑士ningning,保密,终于还是来了[doge],1,
红红火火-_-,保密,宁宁天下第一[打call],1,
1232312323,保密,[给心心],0,
木林林本严,保密,清朝老游戏,1,
书墨无邪,男,啊？,0,
asmtbb,保密,Onami,1,
高岭家的明月栞那,男,爹！快出新作吧,1,
已逝一个一个孔子啊,男,宜！可稍品,1,
彩坂樱,保密,这是什么游戏🤔,1,
诗败了尽梨了,男,我永远喜欢绫地宁宁！[喜欢],0,
饭纲权现,男,Ciallo～(∠・ω< )⌒☆,0,
xlmyfj,男,这什么动漫,1,
like小玉米,男,每一个团队都需要有以下种人：,2,
丛驭,保密,致敬传奇耐审王yuzusoft[笑哭],0,
一般通过羽入,保密,今天是七夕，要不要去约会呢？,0,
来日遗风f,保密,@锉刀酱小加加 @很中二的羊驼丶 @饱受化学折磨的拾柒 你们最喜欢的[给心心],0,
讲文明懂礼貌树新风_,男,@綾d宁宁,0,
那好人233,男,[星空列车与白的旅行表情包_星星眼][星空列车与白的旅行表情包_星星眼][星空列车与白的旅行表情包_星星眼][星空列车与白的旅行表情包_星星眼],0,
天辰锁月,保密,宁宁我好喜欢你[喜欢],0,
宇风谈,保密,今昔是何年,0,
一直在深夜中多好,男,有了,0,
_HitachiMako_,保密,[点赞],0,
明日暗,保密,永远喜欢椎叶紬,0,
一只小来海,保密,0d000721![星星眼],1,
TA在玩儿,保密,Ciallo～(∠・ω< )⌒☆,1,
幽灵あaA,保密,私のオナ二ー見てくなさい,0,
七海陪我打个饺先,保密,美咕噜你带我走吧[大哭],0,
泷奈奈奈奈奈奈奈,保密,@--漫漫漫-- [笑哭],1,
T斗转星移T,男,ciallo (∠·ω )⌒★,1,
夜刀神醉心,男,搭个角先,0,
我的北大,女,七夕节玩gal，这辈子有了[给心心],1,
工房画师同人站,保密,私の_______を見てください,0,
腊味小丛雨,男,我小丛雨也能玩枪！[鼓掌],0,
腊味小丛雨,男,😧,0,
益华根纳季,保密,到七夕终于可以拿出这张图来了[兔年吉祥東雪蓮_哈哈],0,
花开富贵_Office,男,"既然这样那么大家一起发吧
Ciallo～(∠・ω< )⌒☆",0,
镁肽极,男,[给心心],0,
䌷雪乃,保密,还是爱宁宁,0,
田苏mls,男,把前面的给我汉化了端上来啊[滑稽],0,
庐山与广州与温都尔汗,男,七夕宁宁陪我😋😋,0,
神州大忽悠,男,这下听懂了,0,
证言a,保密,官中美咕噜是叫因幡爱瑠还是因幡巡啊？[tv_疑问],0,
神奇的老干部,保密,不是，我刚玩完就给我推啊[笑哭],0,
泠茶neko,保密,这下听懂了[Alice In Cradle 格拉提亚 表情包_生草],0,
御坂10922,保密,✿ヽ(°▽°)ノ✿,0,
閃光Elaina,男,Ciallo～(∠・ω< )⌒☆,0,
艾莉丝在练剑,保密,为美咕噜打call～[打call],0,
酷汪Van游戏,男,七夕我陪🖥️过,0,
番杰,男,迟早要在B站把原片给看了[doge],0,
--谷风天音--,女,不是哥们,0,
田人二央,男,面硬加咸蔬菜加倍蒜末和油多多,0,
玩味无限小桃子,男,[Mygo表情包_Love][Mygo表情包_Love][Mygo表情包_Love],0,
爱打瞌睡的长梦,男,这辈子最喜欢绫地宁宁了[打call],0,
0721是什么,女,绫地宁宁是我爹！[星星眼],0,
冂卪,男,什么时候到我晓哥跳楼（,0,
天辰锁月,保密,@魔女的夜宴是什么游戏 来看[星星眼],0,
Nanami_Mio,保密,Ciallo～(∠・ω< )⌒☆,0,
账号已注销,保密,[大笑],0,
凑Aqua,保密,[胡桃Usa_比心][胡桃Usa_比心][胡桃Usa_比心],0,
开开sang,男,Ciallo～(∠・ω＜)⌒☆,0,
Kotoyose,保密,今夕是何年,0,
三月的白枫,保密,太对了,0,
大师熊博士,保密,最喜欢的一集,0,
AllieMOKA,男,柚子厨蒸鹅心,0,
月村毛毬,男,Ciallo～(∠・ω< )⌒☆,0,
Yonosei,男,童年回忆啊,0,
凝眸牵不住时光w,男,这下听懂了,0,
空条承太狗,保密,想必这个动画肯定很好看吧，那在哪里可以看呢,0,
Revin_,男,看懂了[微笑],0,
太平公主-小丛雨,男,什么游戏,0,
skibidi喷火马桶,保密,不行了，留个起爆器在这里😋,0,
たいが_Fernweh,保密,七夕发是吧 你是懂的[妙啊],0,
゙゙任天糖,保密,七夕就应该0721,0,
腊味小丛雨,男,[微笑],0,
芝士汉堡的柚子厨,男,"我简直就是保科柊史
Ciallo～(∠・ω< )⌒☆",0,
剑斩惜缘,男,@小林霁 这才叫耐审王😋👍🏻,0,
小新的犬夜叉,男,酷,0,
苗ノギ,保密,[给心心],0,
钾紫铜绿,保密,啊？,0,
隔壁の老喵,男,什么番[微笑],0,
因璠爱瑠丿,保密,什么动漫,0,
秋山澪重度依赖,保密,Ciallo～(∠・ω< )⌒☆,0,
刹那想抓住未来丶,男,什么动漫,0,
工ロマンア,男,好好好，七夕发,0,
-六里晴-,男,Ciallo～(∠・ω< )⌒☆,0,
RQACK,保密,最喜欢的一集[打call][星星眼],0,
云梭风萧,男,ciallo[脱单doge],0,
鈴木遊太,保密,今天是野兽日,0,
繁花丶无影,男,不太顺利呢，想要更轻松一点，轻松一点的话就不会觉得不顺利了,0,
别太荒谬WAW,保密,有没有0721P[doge],0,
我永远喜欢白雫,男,划时代作品bushi,0,
腊味小丛雨,男,楼下那个才不是什么柚子厨呢😧你？,0,
腊味小丛雨,男,😧,0,
丛雨是幼刀,保密,七夕节也要玩gal[脱单doge],0,
樱子最最喜欢,保密,0721！,0,
氪币肘击鼠鼠,保密,业界中兴(,0,
没有感情の憨批,女,哇这个好可爱鸭,0,
千风万Daze,保密,好,0,
我真不玩柚子,保密,[微笑],0,
和奏の吉他,保密,嗯？我追番键捏？,0,
愛音受诱零,保密,这是什么动漫,0,
等着说书人,保密,8月新番[脱单doge],0,
扭曲の改改人,男,戸隠憧子我喜欢你😭😭😭,0,
勇宝熬世x,保密,吆西,0,
NagNip_XH,保密,[星空列车与白的旅行表情包_吃糖][星空列车与白的旅行表情包_吃糖],0,
夜萝卜IBA545夕,保密,[给心心][给心心][给心心],0,
御坂美琴0fficial,保密,我没意见,0,
汉武要加油,男,请问rj是什么游戏[微笑]（,1,
要强碱日奈辣,男,"Ciallo、、  LV6⚡
        刚刚    IP属地：广东
             [微笑]
             👍114511  👎  →  ☁️",0,
空洞是宁形,保密,Ciallo～(∠・ω< )⌒☆,1,
Aflect1,男,致敬传奇0721选手0d00,0,
55呜呜呜呜呜呜55,男,@TRANC3,0,
水遥上仙,男,不是哥们，今夕是何年,0,
弹幕最重要的是火力,保密,@NOOBronya @DrVice,0,
月白星柚,男,[微笑],1,
宅小龍_Ayla,保密,什么动漫,0,
感觉不如黑川茜,保密,啊,0,
九天苍穹之月,男,"七夕的时间表❤️
7:00把身上的宁宁轻柔地扒开，起床洗漱
 7:20为因幡巡准备爱心早饭 
7:40看椎叶紬可爱的睡姿🥰 
7:50叫醒憧子，亲亲她，安抚她的起床气 
8:00和仮屋和奏一起吃早饭 
8:30带朝武芳乃出去散步，呼吸新鲜空气 
9:30和常陆茉子一起网上冲浪，分享开心 
11:00给丛雨准备爱心午饭 
11:30和蕾娜·列支敦瑙尔一起吃饭 
12:00与马庭芦花和鞍马小春一起睡个午觉💤 
12:30和三司绫濑逛街，看电影 
14:30一起吃在原七海喜欢的小吃 
15:00回家，陪式部茉优画画 
16:00和二条院羽月锻炼身体💪🏻 
16:30和壬生千咲洗澡🚿 
17:00给明月栞那准备爱心晚饭 
17:30和四季夏目共享烛光晚餐🕯️ 
18:00给墨染希念书，放松休息📖 
19:00送火打谷爱衣上班 
19:30送汐山凉音回家 20:00看白雪乃爱直播🤤 
21:30准备好夜宵，去接谷风天音 
22:00喂小云雀来海吃东西，哄她睡觉 
22:30给星河辉耶晚安的吻💋 
22:45和高楯欧丽叶和百里风实花一起休息，结束美好的一天🥰",0,
一生只爱丛雨酱,保密,Ciallo～(∠・ω＜)⌒☆,0,
晴书物语,保密,今夕是何年？！,0,
闫六六,保密,最紬厨满志的一集,0,
夕我往矣_年我也要,保密,可惜我现在还在跟我的䌷玩熊（）,0,
溯宝呀,女,这游戏手机上搜不到啊,0,
钱包空空绘未酱,保密,[微笑][微笑],0,
哈姆雷特首席修女芳乃,保密,虽然但是，up签名里应该是公社不是公式吧[汤圆],0,
为什么我才4级,保密,魔女的夜宴（二次补档）[笑哭],0,
SuFioRtA,男,Ciallo～(∠・ω< )⌒★,0,
如风寻影,保密,07210721,0,
nihaa团子,男,Ciallo～(∠・ω< )⌒☆,0,
WinterBin,保密,这个七夕，小巡陪我一起过,0,
亚里亚のだんなさま,男,七夕推DR，我真的无敌了,0,
章北海的狗兔鱼,保密,还是这个贫穷的OP[喜极而泣],0,
黄水果天下第一,男,Ciallo～(∠・ω< )⌒ ☆,0,
Shina真昼,保密,玩柚子玩的,0,
彼嵇之穗,保密,Ciallo～(∠・ω＜)⌒☆,0,
有地菱,女,人好多啊[微笑],0,
这个阿坤不跳舞,保密,op跳一个发一个的话，下一个是dr了对吧，对吧,0,
LazyChen_Xi,保密,什么动漫,0,
朝色泛起之际-,男,还有高手？,0,
summer殇简,男,[脱单doge][脱单doge],0,
憧憬成为青雀老公,保密,才看到是官方,0,
汐殇与猫,保密,Ciallo～(∠・ω< )⌒★,0,
AyaseNene,保密,我缺的astral ability谁给我补啊,0,
老点点,男,[大笑],0,
空端端太郎,男,户隐憧子，我真的好～～～喜欢你啊！为了你，我要听恋せよ乙女!!![给心心][给心心][给心心],0,
宫新奈,保密,什么什么动漫[doge],0,
哈哈h2333333333333,保密,瓦达西诺onani米得咕哒塞,0,
星花忆梦,男,私のオナニーを見てください！,0,
文豪野狗,男,七夕就该狠狠惩罚谷风天音,0,
请问夏空是什么游戏,男,[微笑],0,
这个蓝人叫阿星,保密,审核也爱玩[大哭],0,
装修认准紬大锤,保密,我是椎叶紬的狗[妙啊],0,
常陆茉子常陆茉子,保密,宁宁你带我走吧，一枪击碎我心吧[喜欢],0,
腊味小丛雨,男,[思考],0,
0d00起爆,男,[吃瓜],0,
萝莉单推人昇,保密,来了来了，我就知道慢慢的会都补上[吃瓜],0,
水析の藍,保密,诶🤓☝床缝,0,
Emerarudo,男,Ciallo～(∠・ω< )⌒☆,0,
mitoli,男,@Kouchiko @风1-11 这什么动漫？,0,
゙风之聆听,男,Ciallo～(∠・ω< )⌒☆,0,
梦小笙,保密,这是什么游戏[脱单doge],0,
槲寄生Mistletoe,保密,最爱的一集[给心心][给心心][给心心],0,
秋山澪重度依赖,保密,[微笑][微笑],0,
星星人LoL,保密,啥时候发rj的OP[打call],0,
超自研桌子上的水晶球,女,游戏名：死に逝く騎士、異世界に響く断末魔,0,
两斤鸩天,保密,基岩后台,0,
meta_-,保密,Ciallo～(∠・ω＜)⌒☆,0,
二次元的悯,男,Ciallo～(∠・ω< )⌒☆,0,
千反田爱瑠ailiu,保密,面硬加咸蔬菜加倍蒜末和油多多！,0,
不足挂镰刀,男,已阅，陪一发,0,
荡一荡秋千,保密,[脱单doge],0,
ACAねこ,保密,这下听懂了[大哭],0,
キラめく,男,七夕节在家推魔女的夜宴，这辈子有了,0,
L_Suntouched,保密,刚推完[doge],0,
24岁事枫男,保密,我嘞个雷[星星眼][星星眼],0,
东阳街小宝莉,保密,一分钟197评[微笑],0,
机械虐我,男,最喜欢0721的一集，小时候看这集0721到昏过去了，醒来时发现桌子变得好圆滑[doge],0,
黑土地址,女,2,0,
木主子孑孑,男,哎！😃☝,0,
丛丛丛丛丛雨酱,保密,[给心心][给心心][给心心],0,
曼彻斯特的海边人,男,"致敬传奇0721王0d00
Ciallo～(∠・ω< )⌒☆",0,
庐山与广州与温都尔汗,男,Ciallo～(∠・ω< )⌒☆,0,
吼姆拉焰,保密,这怎么过审的[惊讶],0,
未来のFOX,保密,Ciallo～(∠・ω< )⌒★,0,
黑夜不太黑,男,啊？ 一分钟就几千了,0,
海绵宝宝来海儿,男,既然发视频了，那么新作什么的有在做吧,0,
丹枫瑞斯,男,[微笑],0,
鱼不羡,男,请问这个新番什么时候播出[微笑],0,
不加茶的冰红茶,保密,致敬传奇0721大师0d00,0,
无符号整型,保密,发的晚了点 要是今年7.21发就好了,0,
姬松爆破手绫地宁宁,保密,Ciallo～(∠・ω< )⌒☆,0,
补梦人_,男,来了来了,0,
さいあい宁宁,保密,Ciallo～(∠・ω< )⌒☆,0,
蝶之羽风_暂留此世,女,Ciallo～(∠・ω＜)⌒☆,0,
M97星人,保密,非常好的游戏，昨天刚全收集打通，差点没缓过来[大笑],0,
空闲的时候没空,男,[笑哭],0,
无名啊A_QIU,保密,七夕～[初音未来_抱抱],0,
梦如南筏kl,保密,终于到0d00了，0721，启动！,0,
抓绳子的猫,保密,0Ci7al2lo1～(∠・ω< )⌒☆,0,
仓库里有条会喷火的龙,男,芝士？,0,
女部田郁子酱,女,美咕噜嘿嘿,0,
寂唯_廿三,保密,Ciallo～(∠◠ڼ◠)⌒☆,0,
Haruka_Yang,男,看到柚子社发新视频我啪的一下就进来了 很快嗷[doge],0,
长门雪YukiNagato,保密,我喜欢你[微笑],0,
本居晓铃抄千,保密,@工房画师同人站 赶快来整活,0,
_咕噜咪,保密,哇达西哦纳米哦密嘚库大赛[藏狐],0,
海域雨云,男,一代传奇0d00,0,
竹取星河,保密,[微笑],0,
黑夜不太黑,男,七夕节快乐！  祝愿各位柚子厨早日找到合适的她[给心心],0,
Ztnhant,保密,我喜欢你[微笑],0,
來一箱納豆,保密,宁宁你带我走吧,0,
种花家的皮卡,男,瓦大西哦娜你[给心心],0,
上流的常陆茉子,保密,我喜欢你,0,
llkoishill,男,我滴0d00[星星眼],0,
冷门角色,保密,我要立刻0721！🥵🥵🥵,0,
星曦siro,保密,[给心心],0,
名字隐私,保密,Ciallo～(∠・ω< )⌒★,0,
千反田爱瑠ailiu,保密,Ciallo～(∠・ω< )⌒☆,0,
喜欢深睡眠,保密,[打call][打call][打call],0,
友爱的阿徐,男,Ciallo～(∠・ω< )⌒☆,0,
天堂呼啦圈,保密,瓦瓦瓦瓦…瓦塔西弄欧纳尼哟迷迭库那塞,0,
雾雨菌,保密,魔女的0721,0,
木人如玉,保密,嘿嘿嘿[初音未来_nice],0,
干劲山竹果,保密,[辣眼睛]来了,0,
酸味酱skr,保密,生贺：噢噢噢牛批，包过的老铁，我也爱看Ciallo～(∠・ω< )⌒★,0,
某经济的消费函数,男,谁敢反对宁宁，就！,0,
千原万神大师,保密,感觉0d00对我和其他玩家不一样.,0,
一个唱片面包,男,美咕噜我是你的粉丝啊[2233娘_大哭],0,
差点被四季夏目吸干,男,[笑哭][笑哭][笑哭][笑哭],0,
无符号整型,保密,偷偷抱走我的宁宁[大哭],0,
loyers夜,保密,封面居然不用打码,0,
-长风大侠-,保密,Ciallo～(∠・ω＜)⌒☆,0,
izumi-hiyori_,保密,[微笑],0,
趋--势,保密,还真是出音味来啊[脱单doge],0,
貓东西,男,[微笑],0,
帅气的男武神,男,今夕是何年,0,
葵某屑,保密,好好好,0,
1145145147,保密,前排[微笑],0,
ciallo美咕噜,保密,Ciallo～(∠・ω< )⌒☆,0,
进行一个烂的摆_,男,搭个角先,0,
本居晓铃抄千,保密,来了,0,
这下有才无德了,男,这是什么动画片,0,
ホタルルル,女,爽！[Mygo表情包_抹茶芭菲],0,
声星,女,柚子厨真多,0,
千晶你给我下了什么药,男,我要成为0721膏手,0,
泉此方喵喵喵,保密,[微笑],0,
北良LY,男,[给心心],0,
彦沐呐,男,Ciallo～(∠・ω< )⌒☆,0,
Carry丶MKS,男,是不是可以把所有的都发一下[呲牙],0,
_-四季ナツメ-_,保密,太好了，我还以为柚子忘了发魔宴的op[微笑],0,
祈羽Feather,保密,[doge][脱单doge][吃瓜],0,
苦口苦乐_,保密,美咕噜sukisukidasuki,0,
夜芊Qian,男,我去 这什么基岩后台？？？这是我能在b站上看到的？,0,
林一林linyilin,保密,[微笑],0,
Antler_tk,保密,是新番吗,0,
一只有毒的蝎子,保密,好看,0,
是谁的z宝啊啊啊啊啊,保密,我喜欢你,0,
P0S1T1VE,保密,前排抽个桌角[打call],0,
仙希z,男,前排,0,
槟桢溪呱,男,我要看你0721哇,0,
高领昂晴,保密,[微笑],0,
搞事情的小一,男,这下听懂了,0,
辅酶维生素B1,保密,七夕来看0d00,0,
Ariacanex,保密,[星星眼],0,
留道啊,男,我先来，我是学姐的狗🐶,0,
动力诗子,男,官方正版,0,
青涩の空,保密,最早的一集,0,
装芘让你飞起来,保密,[星星眼],0,
一个一个小西,男,[星星眼],0,
失去理智的鱼,保密,啊????0721！,0,
量产型巫女,保密,七夕在家疯狂🦌关🥵,1,
沐灬飞雪,男,ciallo！,0,
三流程序员,保密,七夕也是一个人在家玩旮旯，这就是柚子厨的下场,0,
-鏡野柒罪-,女,抱走美咕噜,0,
Fishkisser1,男,是的，我就是柚子厨[微笑],0,
智乃呀,男,[蔚蓝档案表情包_兴奋][蔚蓝档案表情包_兴奋][蔚蓝档案表情包_兴奋],0,
喜欢一只小桃子,保密,Ciallo～(∠・ω< )⌒★,0,
常陆茉子男友,女,[喜欢],0,
棹号已注销,保密,Ciallo～(∠・ω< )⌒☆,0,
久遠寺有珠ありす,保密,Ciallo～(∠・ω< )⌒☆,0,
RadovanKaradzic,女,好耶[打call],0,
纯度大王阿彦,男,什么动漫,0,
靈㸚,保密,Ciallo～(∠・ω< )⌒☆,0,
筽港,男,刚刚,0,
志喜屋學姊,保密,七夕节就要0721[脱单doge],0,
无观棋雨,保密,Ciallo～(∠・ω< )⌒☆,0,
风承月迹,保密,[虚拟现实动态表情包_猫德][虚拟现实动态表情包_猫德][虚拟现实动态表情包_猫德],0,
MRL___,保密,七夕活动是吧，那要不打个折,0,
修仙咸鱼EX,保密,Ciallo～(∠・ω< )⌒☆,0,
夜芊Qian,男,@姬松学院第一爆破手 @哦没得感情 好的 七夕节就玩这个了[笑哭][笑哭][笑哭],0,
澳大利亚牛马,男,今天我生日，好耶，刚把rj玩完[给心心],0,
プラナ普拉娜,保密,七夕节发是吧，你怎么知道我七夕一个人在家里玩魔女的夜宴😎😎😎,0,
sshhiittttt,保密,隔壁的哥哥，七夕节，galgame[墨镜],0,
钝粹容器,保密,什么时候把riddle joker的发一下,0,
我是皓月,男,Ciallo～(∠・ω< )⌒★,0,
小懒不懂你,保密,第一[星星眼],0,
クルミ带我走吧,保密,我喜欢你,0,
困觉不觉,保密,1,0,
爱莉希雅的守护者,保密,这是什么[思考],0,
无敌冲虫大王,男,第一,0,
欧阳二号,男,刚刚[吃瓜],0,
附城君,女,[doge],0,
ソレコリノ前奏詩,男,前排,0,
Errorion,男,诶嘿,0,
ParsWUYEI,保密,1,0,
卡尔-Wa尔特,保密,没看过,0,
丛雨丛雨丛h,保密,刚刚,0,
泠唐天暖鸢尾花香,男,[打call][打call][打call],0,
空城如旧梦才疏,保密,好好好[2024明日方舟音律联觉_撒花],0,
歹哉哉,保密,牛逼牛逼牛逼牛逼牛逼牛逼牛逼牛逼牛逼牛逼终于发了啊啊啊啊啊啊啊啊啊啊,0,
゙゙请问RJ是什么游戏,男,[星空列车与白的旅行表情包_给心心],0,
因为不要币随便取的名,男,"私のオナニーを見てへださい
来最早的一次",0,
是什么是什么是什,女,什么动漫,0,
丶是个败类丶,保密,最喜欢的一集,0,
岁月似水流年如歌,保密,不是哥们,0,
火花骑士喜欢栗子酱,保密,Ciallo～(∠・ω< )⌒☆,0,
丫圣_official,男,Ciallo～(∠・ω< )⌒☆,0,
七奈Kagura,保密,[星空列车与白的旅行表情包_张口闭眼][星空列车与白的旅行表情包_摸摸头],0,
WeekShawn_彊埶,男,[打call][打call][打call],0,
一声珍珠就好,保密,好,0,
油油之中,男,来了来了[doge],0,
琳喃喃の雪村杏,保密,[崩坏3·光辉矢愿_比心]0721,0,
凹凸慢的力量,男,@270ww,0,
A姓神秘男子,男,嘿嘿 椎叶 嘿嘿,0,
清水千日零,男,可以0721嘛,0,
天灵绫地宁宁,男,🐮大了你,0,
黑化冲田,保密,来了[doge],0,
不mygo会看导航,女,[星空列车与白的旅行表情包_发车],0,
是城北啊,男,[阿库娅_喜欢],0,
幸英丶,男,申鹤重云了？,0,
心灵致动,男,[微笑],0,
-阳仔--,保密,不是7.21发我不认可,0,
最喜欢小彩叶了,保密,[微笑],0,
Sangshine桑,保密,[doge],1,
各过各的机,保密,Ciallo～(∠・ω< )⌒☆,1,
赭之和砂,男,[星星眼],0,
D_C-W,男,第一,0,
目白麦昆T,女,来啦,0,
凌梦不止一点寒,保密,好糊[笑哭],0,
茉莉奶绿ooxx,男,好耶[doge],0,
阿词不说话,保密,[星星眼],0,
Iwdnmd,保密,Ciallo～(∠・ω< )⌒☆,0,
巧克力渗苦瓜汁,保密,封面是怎么过审的[doge],0,
叮咚鸡被我打败了,保密,Ciallo～(∠・ω< )⌒☆,0,
枫彦杊枫叶,男,留言纪念[打call],0,
谷风天音是我爹゚,保密,@改名需要114514个币 @Hero赛高Duel赛高,0,
晨星之上,男,一发就刷到了这辈子有了[星星眼],0,
XIAOMEIKA,保密,唉，柚子厨,0,
20090515,保密,[打call],0,
虫鱼钰,保密,什么动漫[微笑],0,
梧桐酱呢,保密,今年会有新作吗,0,
七月の野良猫,女,传奇耐审官方[脱单doge],0,
滚滚红尘-石头亘古,男,@苍井一鱼,0,
二命黑是永恒,保密,0721!,0,
绯琪,保密,我去，我想跟和奏拼了[笑哭],0,
各務kotone,男,什么番没搜到啊[doge],0,
FZQYD,保密,Ciallo～(∠・ω< )⌒☆,0,
义言猫猫,男,Ciallo～(∠・ω< )⌒☆,0,
不想说假话_,男,Ciallo～(∠・ω< )⌒☆,0,
批王之力,保密,瓦达西耨哦那密友米的搁哪塞[微笑],0,
粉色午夜,男,Ciallo～(∠・ω< )⌒☆,0,
八六线,男,两分钟前，出息了[OK],0,
日本首相井芹仁菜,保密,纯路人，这是什么游戏,0,
正_宗_静_流,男,所以什么时候把riddle joker的OP端上来[傲娇],0,
灰茶菌,男,钢铁后台啊你[脱单doge],0,
荒唐青春-,保密,ciallo[doge],0,
京都男高中生,保密,@shiki_Brunestud,0,
孤徒寂影,男,啊？啊？啊？,0,
单身狗11111111,保密,该视频唯一的缺点就是把9年前的东西又发了一遍[脱单doge],0,
爱莉神教分教,女,起爆器，启动,0,
呆唯的橘子皮,保密,[doge],0,
老八哭过输过没饿过,保密,瓦达西诺欧那米迷迭库拉塞,0,
好名字都让人取没了,男,这是甚么动漫[蛆音娘_吃惊],1,
信长alter,保密,[纸上的魔法使表情包_害羞][纸上的魔法使表情包_害羞][纸上的魔法使表情包_比心心][纸上的魔法使表情包_比心心],0,
狂炫小黄瓜,男,Ciallo～(∠・ω< )⌒★,0,
薄荷色的你Mint,男,[哦呼][哦呼][哦呼],0,
凛子大人,保密,这是什么新番啊[星星眼][星星眼],0,
阿克西斯教徒荡木,保密,不好意思，刚通关，已分手了,0,
゙奥托阿波卡利斯,男,宁宁我的，宁宁我的,1,
do1t-iwnl-,保密,什么动漫,0,
请问RJ是什么游戏_,男,什么游戏,0,
圣国的咏唱,保密,绫地宁宁[给心心][给心心][给心心],0,
命king__,男,什么番？,0,
绫地宁宁onani,男,发我干嘛,0,
巴别塔的恶_灵,男,Ciallo～(∠・ω< )⌒☆,0,
嗨-嗨-嗨_来了啊,保密,七夕快乐！,0,
小旭专属,保密,[Mygo表情包_探头],0,
因幡爱瑠是我跌,男,什么动漫,0,
か木苄,保密,什么动漫,0,
小鸟游夜夜,保密,为什么不是7月21日发😡,0,
永远喜欢穹1,保密,小心柚子厨[doge],0,
明月栞那是我神爹,保密,七夕一个人在家上午玩怪猎下午玩魔女的夜宴[惊讶][惊讶][惊讶],0,
雪ゆきの乃,保密,所有线唯一一个结婚的那肯定是女主[脱单doge],0,
水泽铃木,保密,耐审王,1,
因幡巡是什么角色,保密,我喜欢你[微笑],0,
凉宫春日哎_,女,我喜欢你[微笑],0,
゙゙゙花坂结衣,女,什么卡通小人？,0,
鸽子的屑猫猫,男,刚刚,0,
見当kanami,保密,七夕就应该看0d000721👿,0,
紅葉と猫様,保密,七夕当然是推gal啦[脱单doge],0,
璃月第-深晴,保密,三天单通完宁宁线戒断了[委屈],0,
茉莉大将军,男,[黎歌Neeko_芜湖],0,
唯我梦星辰,男,Ciallo～(∠・ω< )⌒☆,0,
DECmuch,保密,不得不启动一款游戏了🤓[响指],0,
天七月呢,男,[doge],0,
博丽海苔_,保密,这是什么动漫,0,
原来最小结果最老,保密,期待新作Ciallo～(∠・ω< )⌒★,0,
洛辞爱玩游戏,保密,@我就诗歌集,0,
百夜尤代,保密,这什么动漫的op啊？,1,
铺主张大爷,男,刚刚打通就看见发了[笑哭],0,
绪方木更7,男,这下七夕得跟宁宁过了,0,
紫米紫菜,保密,昨天刚推完全成就[tv_睡着],0,
笙玥曦-,保密,Ciallo～[doge],0,
亚津子永远滴神,男,七夕玩gal这辈子有了,0,
文音构界-六玥,保密,不是，哥们？[捂眼],0,
对时间不曾产生留恋,保密,我不玩gal我玩什么?你以为我像你们一样都有过完整的童年?都知道该怎么和人相处?都谈过恋爱?我从小缺爱，现在连表达自己的真心都做不到，看到大家都有人爱，我也很羡慕，只能玩玩gal，感受下生活中缺失的亲情爱情友情，体验一下现实中感受不到的美好，证明我也有人喜欢。这你都要有意见?不如把我杀了,0,
彳钅亍,男,Ciallo～(∠・ω< )⌒☆,0,
七愈七愈,保密,@heimao4639 宁宁[Mygo表情包_Love][Mygo表情包_Love][Mygo表情包_害羞],0,
中野星野,男,就差星光咖啡馆了  快点端上来吧[蔚蓝档案表情包_得意],0,
SHIINA空,保密,每次听到这主题曲没来个柚子社就浑身难受,0,
Oナ二ー,保密,Ciallo～(∠・ω＜)⌒☆,0,
我过得贼简单,保密,Ciallo～(∠・ω< )⌒★,0,
没指令的死鱼眼,男,"オナニー！オナニー！オナニー！
0d000721！！0d000721！0d000721！",1,
ドMの狂信徒,保密,Ciallo～(∠・ω< )⌒☆,0,
时间节点七分裤,保密,Ciallo～(∠・ω< )⌒☆,0,
啾啾玖鳩,女,Ciallo～(∠・ω< )⌒☆,0,
生活着_不放弃着,保密,你最后辣么大个标是不是挡了什么重要的东西,0,
kirito乛,保密,Ciallo～(∠・ω< )⌒☆,0,
天灵绫地宁宁,男,我要玩魔女的夜宴😭我要玩魔女的夜宴😭我要玩魔女的夜宴😭我要玩魔女的夜宴😭我要玩魔女的夜宴😭我要玩魔女的夜宴😭我要玩魔女的夜宴😭我要玩魔女的夜宴😭我要玩魔女的夜宴😭我要玩魔女的夜宴😭,1,
时三之刻,保密,赶紧出个性装扮吧，b友们什么都会做的,1,
爱玩Galgame的贝贝,保密,宁宁，你带我走吧[大哭]宁宁,0,
淡云轻雾,保密,0721[打call][打call][打call][打call],0,
柚子起爆器,保密,小时候看这集0721两年半[大哭],0,
故能成其高,保密,Ciallo～(∠・ω＜)⌒☆,1,
日暮掩云烟,保密,[微笑],0,
longdoushi945,保密,[吃瓜],0,
todtiufku,保密,@超勇牌阿伟 豪堪🤓,1,
阿米娅冷门信仰玩家,保密,七夕，纯爱，好评[脱单doge],0,
你贞德不形,保密,暗示0d00七夕来陪我是吗,0,
Lehna_,保密,七夕节在学校补课[生病],0,
Dm0u,保密,这是什么动漫，柚子社是什么，卖柚子的吗[微笑],0,
想成为pvp高手,女,厄厄 什么动漫啊,0,
木春土成雨彐,男,没人吧，我是绫地宁宁的狗[脸红][脸红][脸红],0,
bili-树庭,保密,想你了 桌角王[doge],0,
倆只罙梦溪,保密,刚刚,0,
可难-,男,@山岸问柳,0,
是呆鹅人啊,保密,😭,0,
天丛云地丛雨,保密,我一直是魔夜的忠实粉丝啊，魔女的夜宴,0,
Last喜多郁代_,保密,@Sweet细雨 @永远都爱花譜 @取什么名字QAQ,0,
国冲,保密,好一个七夕,0,
某浪中的鱼非鱼,男,🦌[热词系列_懂？],0,
硝子的月亮,保密,@一只小落ya,0,
mika最愛のsensei,保密,七夕快乐[脱单doge],0,
柃枳,保密,"这柚子社啊他就得七夕玩啊
他不玩不行的",0,
超天酱黑粉,保密,"不是，申鹤重云了😡
另外，Ciallo～(∠・ω< )⌒☆🥵",0,
花田十辉我求你,保密,我去！！！！,0,
uncrYi,保密,七夕发是吧,0,
大戸愛は僕の家内だ,保密,单推户隐学姐,0,
Let-Him-Tolerate,保密,？？？,0,
丶丛雨绫丶,男,Ciallo～(∠・ω< )⌒★,0,
0721领域高手,保密,嘿嘿美咕噜🥰美咕噜🥰没有你我怎么活啊😭😭🤓,0,
雪白の灰,保密,😭七夕只有有地绫陪我,0,
恋星樱思瑶,男,[微笑],0,
-equinoxes-,保密,[脱单doge],0,
花洒死神栞那,保密,Ciallo～(∠・ω< )⌒☆,0,
未来_无期,男,大家都住b站吗？,0,
不只会浪费绷带,保密,@随波逐流の雪乃,1,
呆尤,男,[初音未来_大笑],0,
XUESHENGBl,男,这是什么游戏？Ciallo～(∠・ω< )⌒☆,0,
Mopax,保密,[微笑],0,
奇奇怪怪and没有脑袋,男,其实还可以七夕在家玩bs2[妙啊]，一整天都玩不完（喜）,0,
我爱你琪亚娜,男,老婆我爱你[星星眼][星星眼][星星眼][星星眼][星星眼][星星眼][星星眼][星星眼][星星眼],0,
AKIrving,男,日期不是很对,0,
iskg,保密,"好吧，首页来的。
Ciallo～(∠・ω< )⌒☆",0,
漆黑的虎克,保密,？我好像有这游戏,0,
月之非主流之神,男,Ciallo～(∠◠ڼ◠)ᕗ✄╰ひ╯,0,
心跳帝国师师长莫妮卡,女,[微笑],0,
明月栞那是我神爹,保密,[疼][疼][疼][疼],0,
沐桖,保密,[doge],0,
BAKAの转转,男,梦开始的地方，我永远喜欢椎叶紬.jpg,0,
Attacker21,保密,b站主题装饰搞起来,0,
神奇の神,男,Ciallo～(∠・ω< )⌒★,0,
变成小熊守护椎叶紬,男,不发新作就丨[星空列车与白的旅行表情包_流汗了],0,
帕秋莉丶美琴,男,Ciallo(=•ω＜=)⌒☆,0,
全熟柚子,保密,@Akaset_,0,
八六贰零,男,多看一眼就会爆炸的一部,0,
完美的小洪哥哥,保密,@色言猫猫,0,
鱼京水草,男,我只能说七夕快乐。,0,
Only20a,男,什么动漫,0,
点击输入萌新,保密,为什么不在7月21日发[喜欢],0,
爆裂の鼓手斯巴鲁,男,[脱单doge],0,
包宝bao,男,[微笑],0,
xuan__w,男,七夕节好发，最正确的一次,0,
晶质黑曜石,男,Ciallo(∠・ω< )⌒☆,0,
Apple-juice-,保密,@Judaiky,0,
才羽爱丽丝,保密,前面的部分感觉确实可以做成动漫嗷[doge],0,
Kokura--Asahi,男,这是什么动漫？[一猫人_疑问],0,
硫酸铜-_,保密,前排[星星眼][星星眼],0,
夜云夜空,保密,[微笑],0,
七星与死神,男,请看我0d00 0721吧😭😭😭,1,
起个名比数学难,男,七夕，但是七夕开学,0,
落白yx,男,@蚊子的文子的文文,0,
凯撒PMC_总裁,保密,Ciallo～(∠・ω< )⌒★0d000721！,1,
夜海233,男,[微笑],0,
来海世界第一可爱,保密,[微笑],0,
小云雀库璐米,男,Ciallo～(∠・ω＜)⌒☆,0,
奶油面包拳zz,男,最爱的柚子[汤圆][汤圆],0,
下饭浅梦酱,保密,紬妈[给心心],0,
炖鸡123,男,屋檐了，怪不得柚子厨人人喊打,0,
wleGdy,保密,0721,0,
死亡与噩梦,保密,简称魔女之夜[大笑],0,
雨爵_YJGAME,保密,我在打1dan吗？（,0,
计划通emm,男,什么动漫？,0,
艾米罗曼斯,男,柚子社什么时候出三国彩礼线？,0,
我永远喜欢香子兰_star,男,DR呢,0,
合法罗丽幼刀,保密,Ciallo～(∠・ω< )⌒★,1,
慕雏鸾,保密,我昨天已经好好地调查过朋友之间是怎么打招呼的了,1,
invinder,保密,情人节让宁宁陪我是吧，柚子社你想的真周到[酸了],0,
孤独的魔方,保密,Ciallo～(∠・ω＜)⌒☆,0,
风吹麦浪14,男,😋😋😋,0,
57周防有希,保密,Ciallo～(∠・ω< )⌒☆,0,
木叶的B站,男,致敬0721大王绫地宁宁,0,
若雨闲,保密,byd七夕发,0,
-凯露_,保密,Ciallo～(∠・ω< )⌒☆,0,
慵懒de沐尘,男,Ciallo～(∠・ω< )⌒☆,0,
鏚韡爨鰰髏龖龘飝尕,保密,什么动漫,0,
苍之守护者Es,男,[永雏塔菲仲夏集_灌注],0,
帕doorの菲莉斯,保密,[脱单doge][脱单doge],0,
柚子厨都枪毙,保密,[脱单doge],0,
飘如陌上尘,保密,Ciallo～(∠・ω< )⌒☆,0,
媛桌骑士绫地宁宁,保密,请…请看我0721吧[微笑],0,
牛马King猛,保密,[微笑],0,
铭雨桑same,男,是里番吗[doge],0,
丨布丁奶茶丨,男,魔宴的男主简直颜值巅峰[星星眼],0,
AlsoLing,保密,美咕噜是我爹！Ciallo～(∠・ω＜)⌒☆,0,
榆木与暮愚,保密,丸辣！首页推的[星星眼],0,
0721-筱月,男,孩子们七夕和柚子厨们过是吧[脱单doge],1,
゙柚子社official,男,？？？,1,
原都是这样的捏,女,七夕节发是吧 你是懂的[墨镜],0,
是星宇捏,男,现在知道七夕怎么过了,0,
請問魔宴是什麼遊戲,保密,[微笑],0,
正义芙宁娜,女,求安卓直装版,0,
在下qR,男,玩魔女夜宴的都是我爹,1,
求是创新真君,男,Ciallo～(∠・ω< )⌒★,0,
五百岁幼刀,女,[微笑],0,
烤柴犬,保密,[微笑],0,
请问魔宴是什么游戏A,保密,[微笑],0,
--春花--,男,[微笑],0,
平板幼刀丛雨,男,这是什么动漫啊？没见过？,0,
_red_1,保密,Ciallo～(∠・ω＜)⌒☆,0,
谷风和泉,保密,[脱单doge],0,
夕儿儿儿夕,保密,看到这个就跟回家了一样,0,
紅林诺亞,保密,@Order-made@skekrkfl,0,
゚゚゚゙゚゚゙6,保密,瓦达西漏哦拿泥有米地古拉塞,0,
ZKaaaai,保密,耐审王,0,
AskedCarrot654,保密,什么？我昨天竟然忘了玩galgame？,0,
头像是我老婆都不许抢,保密,Ciallo～(∠・ω< )⌒☆,0,
阿簋,保密,最喜欢的一集[脱单doge],0,
脚小吃不饱,保密,怎么又发一遍？,1,
送货上前,保密,我丢我刚下这游戏就看到了，你是不是在我家装监控了[笑哭][笑哭][笑哭],0,
志野亚贵__,保密,Ciallo～(∠・ω< )⌒☆,0,
海蓝时x见鲸,保密,瓦达西诺onani哟米爹哭大赛[Mygo表情包_Love],0,
热爱105度的露西亚,保密,请看着我onani,0,
花洒死神栞那,保密,虽然但是，这后台是有多硬啊[妙啊],0,
奶油糖_秋,保密,Ciallo～(∠・ω< )⌒★,0,
按宁宁的起爆器,女,什么柚子（慌乱）（把电脑熄屏）（四处张望）我不玩gal的（慌乱地把电脑合上）（假装冷静）（试图走近解释）（摔倒）（狼狈爬起）（再次摔倒）（着急）（抓你们裤脚）（惊慌）我不是柚子厨啊求求你们别鄙视我，求求你们不要不和我玩（慌乱）我……我真的不玩千恋万花（眼神四处乱瞟）（惊恐）（哭泣）（在地上打滚）（想起身后的电脑）（丢掉电脑）,0,
弄丢小怪兽的sakura,男,七夕就该玩这个啊[给心心],0,
_幻想哥布林_,保密,请看窝0721吧[害羞],0,
柚子大西-x,保密,紬,0,
乌龟真的不是甲鱼啊,保密,わたしの（    ）を見てください！,0,
ShikiNatsume,保密,为什么不在7月21发这个🤔,0,
95iss,保密,[微笑],0,
无敌罗利控姐控大王,男,最最最最喜欢因幡めぐる了🤤🤤🤤,0,
狂炫卡夫卡银水,保密,Ciallo～(∠・ω< )⌒☆,0,
忍爱甜甜圈,保密,@通辽指定龙场工程师 想玩了,0,
一生憨,保密,07王00,0,
海无帆,女,Ciallo～(∠・ω< )⌒☆,0,
此账号封禁中2333,保密,还真在玩，刚把宁宁的主线通完（先玩的after）[饿殍表情包2_吃红薯][饿殍表情包2_吃红薯],0,
魔宴是什么游戏,保密,Ciallo～(∠・ω< )⌒☆,0,
sky魇魅,男,Ciallo～(∠・ω< )⌒☆,0,
mieender,保密,Ciallo～(∠・ω< )⌒☆,0,
Aelding,保密,Ciallo～(∠・ω< )⌒☆,0,
人畜无害的狗头awa,保密,Ciallo～(∠・ω< )⌒☆,0,
獸雲吞殘日,保密,Ciallo～(∠・ω< )⌒☆,0,
Errorion,男,Ciallo～(∠・ω< )⌒☆,0,
为了更清醒而做梦,保密,宁宁每天都缠着我交公粮，要被榨干了口牙！,0,
おやすみ-诗音,女,Ciallo～(∠・ω< )⌒★,0,
日下部美紗緒,保密,七夕了能打个折不😭,0,
黄世情,保密,你说得对，但是你是否承认0d000721盖世无双[脱单doge],0,
墨雨无烟,男,[花与情诗动态表情包_二人转],0,
阴天雨刊,保密,Ciallo～(∠・ω＜)⌒☆,0,
Dear清枫,男,七夕看这个这辈子有了,0,
我简直就是保科,保密,什么番，想看[脱单doge],0,
Gold苹果_,男,"何漫
（？）",0,
小舟潮潮潮,保密,[脱单doge][脱单doge],0,
初见_hatsumi,男,哈哈哈，你们的遥控器都在我这里[墨镜],0,
三玖酱天下first,男,这是火影忍者对吗[微笑],0,
星碎辰逸,男,Ciallo～(∠・ω< )⌒★,0,
系芙猫猫よ,保密,Ciallo～(∠・ω< )⌒☆,0,
0999999999AA,保密,这应该7月21号先发出来的,0,
芈粉,男,是那个樱巫女 直播玩游戏的时候暴露的GAL GAME吗[脱单doge],0,
我是ikun树枝,男,@欧布猛斯王2333 @爱吃大米的馒头,0,
Maxnotfound,保密,好可爱的卡通小人啊，是什么动漫呢？,0,
无色酚酞试液,保密,怎么不是07：21发布？[脱单doge],0,
贞德想睡觉_,保密,[星空列车与白的旅行表情包_吃糖],0,
ZhengYuKang-CH,保密,咖啡馆 什么时候安排[打call],0,
--报之以歌--,男,这么快[doge][doge][doge],0,
萌萌萌萌新da,男,什么动画啊Ciallo～(∠・ω< )⌒☆,0,
重霄晴,保密,[星空列车与白的旅行表情包_给心心],0,
BD7PTZ-劉某人,男,這是什麼動漫啊，是0721的番嗎,0,
沙雕哟_,保密,🤗,0,
女部田郁子酱,女,我是不是🦌啊！我问你我到底是不是🦌啊！,0,
Nagasaki-Soyo-,保密,瓦哒夕no哦呐尼喔眯跌库哒赛！,0,
黄瓜仙子若叶睦,保密,我dr呢我dr呢我dr呢急急急,0,
SakuraのBronya,男,"我在等星光咖啡馆的[脱单doge][脱单doge]
我要看枣子姐",0,
Nachoねこ猫,女,凭石粒刷到的 这是我应得的[星星眼],0,
゙綾地寧寧,保密,别碰我起爆器[脱单doge],0,
琉璃-i,保密,看不懂 小云雀来海是我爹[喜欢],0,
大帅比北航,男,Ciallo～(∠・ω< )⌒☆,0,
兴趣使然的友利厨,保密,Ciallo～(∠・ω< )⌒☆,0,
被车创死转生有地将臣,保密,"才不是什么柚子厨呢 LV4
1分钟前  IP属地：辽宁
什么动漫

我喜欢你[微笑]
我喜欢你[微笑]",1,
冬至HONG,男,什么时候公布ed[脱单doge],0,
紙神かみ,保密,打折了没办法不买的呀[脱单doge],0,
天使不一定长着翅膀,保密,还活着吗,0,
千盏寒尽秋,男,ciallo,0,
木子童话,保密,我的正宫，仮屋和奏，为什么连个Q版cg都没有😭明明其他人都有的😭😭😭,0,
因幡巡,保密,Ciallo(∠・ω< )⌒☆,0,
浪荡绅士0,保密,Ciallo～(∠・ω< )⌒☆,0,
CafeStella客服,男,🤤🤤🤤,0,
因幡爱瑠-official,保密,Ciallo～(∠・ω＜)⌒☆,0,
名将界李儒,保密,有没有考虑出动漫,0,
炒爆江湖,保密,0721起爆器[doge],0,
kagura明千,男,七夕节发op[笑哭],0,
冉声还在打电动,男,看我名字知成分[doge][FGO_开心][FGO_开心][FGO_开心][FGO_开心],0,
大筒木一乐114514,保密,把前七作的op也发来[总之就是非常可爱_嘿嘿],0,
超中校级的幸运,保密,"你要不把星光咖啡馆OP传一下吧
因为HF发的被干掉了",0,
在原七海__Official,男,riddle Jocker的呢😭😭😭,0,
啊柒の椎名まひる,保密,Ciallo～(∠・ω< )⌒☆,0,
www呃呃呃www,保密,[doge][笑哭],0,
DEBU斌,保密,[Alice In Cradle 格拉提亚 表情包_拭目以待],0,
Ajirokouyichi,男,刚通关  这个有动漫化的可能性吗？,1,
还没睡醒的椰羊,保密,"wrold is false
Love is true",1,
布陈,男,[hololive0期生收藏集_得意],0,
一枝萌心,男,0d000721[滑稽][滑稽][滑稽],0,
萌萌哒小喵君,女,瓦达西弄哦那尼幼迷迭故大赛![脱单doge],0,
Rdirar,女,メンカタカラメヤサイダブルニンニクアブラマシマシ,0,
幼小の丛雨,保密,我的头像很大众吗[微笑],0,
17十七17,保密,这是什么番啊Ciallo～(∠・ω< )⌒☆,0,
THEONE-N,保密,@秋诺cen呀 嗯 这是什么游戏[思考],0,
愛みょん,女,[Mygo表情包_探头],0,
欸嘿嘿へ,保密,有人看海，有人被爱，有人galgame到现在,0,
引力波与相对论,保密,想当年steam第1k个游戏就是魔女的夜宴[脱单doge],0,
Meguru゚,男,玩旮旯死路一条,0,
呐雫呐,保密,致敬传奇0721王,0,
Xuan丶玄玄子,男,瓦达西诺哦那你迷蝶谷大赛,1,
启明Kimin,保密,avalon产生自我意识喜欢看galgame了？,0,
无法无事时,男,[微笑],0,
尘洛烟火,保密,美咕噜[打call][打call][打call],0,
westlear,保密,@A坂柳有栖A @黑喂狗狗狗狗 @小小泥巴_,0,
就不修改昵称,保密,常年玩柚子社的人都目光炯炯有神，非常自信，且智商逐年上升，最后完全成为天才。玩柚子社会改造身体结构，预防各种不治之症。人一旦开始玩柚子社就说明这个人的智慧品行样貌通通都是上等，这辈子都能在任何地方风姿飒爽。柚子厨具有强烈的社会正义感，对治安稳定有巨大的贡献，保护普通人的生命。,0,
亿年之内换头像,保密,七夕的我玩着galgame，因为一个小小的剧情像只蛆一样在床上蠕动[脱单doge],0,
请问这也是原神吗,保密,不懂就问，这是原神吗？,0,
天才帕鲁,保密,个人认为最好玩的一作，几乎每条线都很有意思，最喜欢学姐了[给心心],0,
floailng,男,[2233娘_耶][2233娘_耶][2233娘_大笑][2233娘_吃惊][2233娘_卖萌][2233娘_耶][2233娘_疑问][2233娘_怒][2233娘_困惑],0,
地表最强软泥怪,保密,rj的能快点给我端上来吗我请问了,0,
杨杨杨果呀,男,七夕节一个人窝在家里玩gal的是谁😭,1,
境界外的人形,男,[doge]嗨，怎么今天发，你刚来b站那天不是更合适（,0,
Xre_,保密,[脱单doge][脱单doge][脱单doge][脱单doge],0,
琴-羽,女,想要合奏线的mv 请务必端上来[来古-注意][来古-注意],0,
祖_安_沙_雕_,男,能不能快点把dracu riot的op端上来，这对我真的很重要[Mygo表情包_害羞],1,
0721卡密,保密,[微笑],0,
天燃desu,保密,Ciallo～(∠・ω< )⌒☆,0,
新野大叔,保密,最可爱的一集[脱单doge],0,
九阳炎旭BA,保密,"看似你在玩二周目RESTART,其实是0D00玩

二周目。[doge]（不是）",0,
YiLegacy,保密,[怪我咯],0,
开拓zhe-阿波卡利斯,保密,wa ta shi no o na ni yo mi te ku na sa i,1,
空殇丿,男,有没有爱瑠的ASMR啊，目前只能找到广播剧[大哭][大哭],0,
澄心传动,保密,你是？,0,
水無月桂,男,我是绫地宁宁的狗,0,
d_creator,男,耐审王,0,
凌凌凌凌凌凌玖,男,你这个情况我还真见过，这样吧，你启动steam，搜索魔女的夜宴，点击购买，启动游戏，选“再老实地夸一次”，“拜托绫地”，“改变观影时间”，“继续跟大家一起行动”，“也许吧”，“正常说话”，“实话实说”，“放弃学习”，“转换心情”，“拜托她再握一次”，“移开视线”，“我比较倾向于绫地”后进入绫地宁宁路线[妙啊],0,
Figure垣,保密,[Mygo表情包_让我看看][Mygo表情包_让我看看][Mygo表情包_让我看看],0,
國欠欧尼酱,保密,[脱单doge][脱单doge][脱单doge]新作搞快点[打call][打call][打call][打call],0,
高嶺のなでしこ,保密,exe怎么启动不了啊合并解压是什么呀[大哭],0,
夜鹤风,男,"好好好，这是准备把全部op都发一遍是吧[喜欢]
Ciallo～(∠・ω< )⌒☆",1,
YuseiD,保密,求求上和奏的小曲[脱单doge][脱单doge][脱单doge],0,
舀予_yt,保密,七夕节就应该看绫地宁宁0721[脱单doge][脱单doge],0,
LonelySheep0,男,今天七夕只能自己一个人0721了[大哭][大哭],0,
阿捷列夫,保密,豪玩🤓👍,0,
想rua妃爱,男,[Mygo表情包_让我看看][Mygo表情包_让我看看][Mygo表情包_让我看看],0,
日奈銀水泡茶喝,男,[超天酱表情包_期待],0,
邮箱才没有100kg,保密,我简直就是保科柊史[星星眼],0,
Resgew,男,[doge],0,
yinianhuyao,女,哇哇哇！,0,
本命年的回想,男,😭😭😭,1,
XA点lite,保密,刚走完宁宁线，等下，为什么我会在这个时间发评论还找到了柚子社，你有什么头绪吗[微笑],2,
杂鱼梦想成为0721高手,保密,[辣眼睛],1,
孤独少女小孤,保密,这下更不想冲了[辣眼睛],0,
StasTReaK,男,[Alice In Cradle 格拉提亚 表情包_挨打],0,
大鸣太祖,女,kimoji,0,
亡灵大法师油灯灯,男,@Eustna 你七夕时候干嘛呢,0,
为了miku日益憔悴,保密,许愿星光咖啡馆与死神之蝶op,0,
感伤の酒神,男,七夕还玩嘎game的这辈子有了,0,
催逝员114514号,保密,你知道我要说什么的🤓,0,
穆林古街ロロみや,保密,谁有直装啊？,0,
幽暗梧桐,保密,是这个吗[doge],0,
五色宫羽,男,基岩后台,0,
琪亚娜永远是我的,保密,审核也玩是吧？,0,
超级猫战士,保密,"[永雏塔菲仲夏集_小菲][永雏塔菲仲夏集_玉玉小菲][永雏塔菲仲夏集_小菲]
[永雏塔菲仲夏集_玉玉小菲][永雏塔菲仲夏集_小菲][永雏塔菲仲夏集_玉玉小菲]
[永雏塔菲仲夏集_小菲][永雏塔菲仲夏集_玉玉小菲][永雏塔菲仲夏集_小菲]",0,
Tazee,保密,[记忆色彩动态表情包_点赞][记忆色彩动态表情包_点赞][记忆色彩动态表情包_点赞][记忆色彩动态表情包_点赞],0,
是魚不是_鱼,男,作为新时代青年你应该去奋斗，所以拒绝柚子从你他做起[doge],0,
秋瑟立,保密,rj应该快了吧,0,
非常可爱的琪亚娜,女,"[笑哭][笑哭][笑哭][笑哭]
先去0721了[脱单doge][脱单doge][脱单doge]",0,
嘶宅蒸鹅心,保密,坐等rj和馆死的,1,
我是烤焦,保密,爽了,0,
秋绪支离破碎,保密,刚刚还在玩 这就刷到了[蔚蓝档案表情包_得意][蔚蓝档案表情包_得意][蔚蓝档案表情包_得意],0,
伊蕾娜AVA,保密,七夕节发这个？,0,
kkcatkk,保密,第二,0,
百地猫猫头,男,七夕搭个角先？,0,
望远J1nG_,保密,背后必有高人指点，凌晨四点推完宁宁线+re+after[笑哭],0,
糖宝-摆烂版,保密,宁宁真的是本作唯一女主 其他线都没有宁宁线推的那么纯爱 真的特别感动那段 只能说天下第一！,0,
为美好の世界献上祝褔,女,耐审王,0,
洁の日记本,保密,最喜欢的一集[微笑],0,
柴郡仙人,保密,"常年玩柚子社的人都是人中龙凤，有安邦定国之志，是经天纬地之才。
关于柚子厨的优势最早可以追溯到白垩纪晚期，人类的老祖先阿喀琉斯基猴通过玩柚子社游戏迅速增长智力抵御小行星，顺利地在天灾中幸存，而愚蠢的恐龙未能窥见柚子社之奥妙最终灭绝。二十万年前，懂得持续玩柚子社的聪明智人很快便掌握了更强的团队合作意识和更先进的社会结构，而从不玩柚子社游戏的愚蠢尼安德特人最终无法适应环境变化在竞争中落败直至灭亡。因此玩柚子社会显著优化大脑结构，迅速提升智力，在自然、社会竞争中取得无法比拟的优势。
早在文艺复兴时期，柚子学家们便提出了一个著名的论断，人类文明最初的标志是“一张拼接过的柚子社游戏石板”。他们是这样解释的，在茹毛饮血的上古时期，没有柚子社游戏玩的人，除非得到其他人的家庭共享，否则必死无疑，因为不玩柚子社，人就会死。因此一张拼接过的游戏石板表明在修复石板时有人家庭共享柚子社，学者认为这是家庭这一观念的雏形，也是文明的起点。",1,
幽郁屿森,保密,七夕快乐各位Ciallo～(∠・ω< )⌒☆[Saru表情包_Ciallo],0,
雨下E,保密,常年玩柚子社的人都目光炯炯有神，非常自信，且智商逐年上升，最后完全成为天才。玩柚子社会改造身体结构，预防各种不治之症。人一旦开始玩柚子社就说明这个人的智慧品行样貌通通都是上等，这辈子都能在任何地方风姿飒爽。柚子厨具有强烈的社会正义感，对治安稳定有巨大的贡献，保护普通人的生命,1,
游水冷绿书阳,保密,Ciallo～(∠・ω< )⌒☆,0,
Monegai,男,Sanoba Witch.mp3,1,
ゼロの执行人,男,真好啊[doge_金箍][doge_金箍][doge_金箍],1,
Mega峻,男,rj呢,0,
666999HC,保密,Ciallo～(∠・ω< )⌒☆,1,
茉茉子天下第一,男,wa da xi                mi die ku da sai,0,
因幡巡是什么角色,保密,七夕和美咕噜出去约会了，很开心[微笑],0,
梦月之冰,女,耶[给心心][给心心][给心心],0,
暮春樱sakura,保密,好好好，七夕节发这个是吧？,1,
夏鸟之祭鸣濑白羽,男,宁宁在二次元又过得怎样呢🤔在那边开心吗😥有没有吃饱饭呢🙁学习怎么样，没有什么不会的题吧🧐睡觉能睡的安稳吗，在没有尽头的世界😔。有没有受到不公平的待遇，或是被谁欺负了呢😫对不起，宁宁，我没能保护好你，是我的不对😭对不起😭，我爱你😘，对不起😭，我爱你😘，对不起😭，我爱你😘是我对不住你宁宁幸亏☺️☺️咱们没结婚😉，如果领了证😥😥😥，我会耽误你一辈子的😝😝😝我要走啦～😞😞😣😣你一定保重啊😌再见🙁再见😞😞😞还会再见吗🥺🥺🥺宁宁，再见的时候你要幸福😄😄😄好不好，宁宁😢你要开心😧😧你要幸福好不好，开心啊🥺幸福🤧🤧你的世界以后没有我了😰😰😰没关系你要自己幸福🥺🥺🥺宁宁😨😨😨宁宁😫😫😫宁宁😭😭😭没有你我怎么活啊😭😭宁宁😭😭宁宁😭😭宁宁😭😭没有你我还怎么活啊😭宁宁你带我走吧宁宁！📣😢宁宁你带我走吧宁宁！！📣😰宁宁你带我走吧宁宁！！！📣😭,0,
十六夜花开夜,男,小黄油闹麻了,0,
其实我也不知道哦,保密,ciallo,0,
浪神玩游戏,保密,Ciallo～(∠・ω< )⌒★,1,
有恨-无人省,男,ciallo,0,
小云雀来海喵,保密,七夕当然要和宁宁一起过了（法师也是魔女）[雪未来_下雪了],0,
青空下の加缪,男,柚子厨真鹅心[傲娇],0,
丛雨大人最可爱,男,[思考][微笑],0,
Tuo2Kmu1,保密,没活还是别发了😋,0,
whatswow,保密,要不你们两个打一架吧？https://b23.tv/BV1yU4y137Jb,0,
Gleyma,男,这也没露什么啊 弹幕怎么都大惊小怪的,0,
Alone-Amile,保密,奖励自己一个rj,0,
鼠鼠哈,男,七夕节就应该玩yuzusoft[喜欢],0,
爱宅家的Sama,男,死了,0,
长门有希的迷惘,保密,"七夕叫咱开冲是吧😡
这下想不冲都不行了😖
好，我冲!😃",0,
肿督,女,@音無哀乐 @鍵來 @Stephanie叁壹 @白帝菌同志 @Real__lize @拜托了我的狐狸执行官 @博野明 @京阿尼さいこう @阿端叫無端 @Kimaxui,0,
一枚合金锭,男,"瓦...瓦瓦瓦瓦瓦
瓦达西诺嗯那米诺秘爹个得塞😨",0,
dqu123,保密,瓦塔西no欧那尼哟迷迭库那塞,4,
formhow,男,https://b23.tv/BV1J9Yee6EZS,0,
AcFan-AK,保密,"省流:过审老国王
我自己不剪掉这段都过不了审",0,
牛悳,男,真会挑时间啊[星星眼],0,
绍淳,男,b站特色[吃瓜],0,
Cafeの拖累那,男,5.20万，1.4万投币，1.3万收藏无敌了[笑哭][笑哭][笑哭][笑哭],0,
远东半岛之祖,女,cia l lo,0,
a27858313,保密,七夕节发这个[翻白眼],0,
純白の大盗,保密,这假官方吧,0,
阿轩今天有点困,保密,送我一个紬妈,0,
鸢一蕾米莉亚,保密,七夕该玩死馆,0,
篝之雾枝い,保密,不是，宁宁也能过审？,1,
夕雪瑶见,男,求你给主线男女主一个好结局吧，玩完难受的睡不着觉,0,
小云鹊莱海,保密,我不喜欢你😡,0,
E路向西-,保密,撒喇叭喂起[妙啊],0,
丛雨不是成人刀,保密,？（）（）（）蒸鹅心,0,
白白白浊,保密,我简直就是保科仲史,0,
圭月山风,男,紬妈赛高，Ciallo,0,
下杉绘梨衣_,女,这穿的也太暴露了吧,0,
Ki磨肌,保密,柚子厨真恶心,1,
十七层楼主,男,galgame（yuzusoft）玩家的七夕节特供,0,
SeeereR,保密,[微笑],0,
芝麻分awa,保密,[猴哥],0,
天空寺,女,七夕节发这个是吧？[doge],0,
Orlines_171,保密,留个巨坑，以后将那个寿屋的大比例天使改成绫地宁宁可动手办。现在大比例天使还没发售，我工具也不齐全，大概在十年内完成(-ω- ),0,
倾听世末の终曲,保密,真会挑时间啊Ciallo～(∠・ω< )⌒☆,0,
无名小瘁,男,你是一个日本高二学生，因为你有感知别人情绪的能力，所以你很难跟人交际，你被一个同班女生请求去图书馆整理书籍，虽然你知道她只是忙着去联谊，但是你还是答应了下来,0,
冰瘾ッ,保密,有牛吗？,0,
empty_set,保密,这官方还真会挑日子发视频[汤圆],0,
明天依旧怎么样,男,掐喽对杂go，王牌对王牌[doge],0,
鄙视卖萌,男,老隔这炒冷饭，新作什么时候出[疑惑],0,
星謜,保密,没人要紬妈我就抱走了[doge],0,
OvoGD,男,七夕在房间里独自一人玩柚子社的大哥哥真是杂鱼呢❤️,0,
无符号整型,保密,前面忘了，不喜欢宁宁真没品，后面也忘了,0,
热爱酒馆的屑萌新,保密,谁给我户开了😡😡😡,1,
教科书跑路,保密,柚子厨真恶心Ciallo～(∠・ω< )⌒☆,0,
Yuzu丶senseisann,男,"莫娜的夜宴
荧空彼方
gen-shin！
原神乱漫
幻想天空岛
千原*万神
猫尾酒馆与提瓦特晶蝶[微笑][微笑][微笑]",3,
真的不是什么柚子厨,保密,七夕你给我来这个？,0,
aaa穗织剑圣666,男,今天是七夕🤔转发此评论到5个群里就可以谈到和galgame女主一样的女朋友😋我试了没用，还会被骂挠餐galgame玩家😭但今天的确是七夕🤗祝所有看到此评论的galgame玩家生活美满，早日脱单🤓谈到独属于你的galgame女主,0,
栞栞Kanna,女,@名字重复的Tian_Lan @秋葵_Okra @_KAori_ @zeywdm @kisaragi__ @丶笨笨孩 @比利林恩刘 @雯忻丶 @李伶官 Ciallo～(∠・ω＜)⌒☆,0,
TLN的Primmie本人,保密,评论区的各位简直是保科柊史,0,
小云雀来海__,保密,下一集的op是rj还是咖啡馆呢[给心心],0,
恒の窖,男,谁教我0721[喜欢][喜欢],0,
小麦芽686,保密,妈的，给宁宁可爱完了，人活着哪有不喜欢宁宁的🥰🥰🥰硬撑罢了，妈的，忍不了😡😡😡一拳把柚子社打爆！👿👿👿妈的，给宁宁可爱完了，人活着哪有不喜欢宁宁的🥰🥰🥰硬撑罢了，妈的，忍不了😡😡😡一拳把柚子社打爆！👿👿👿妈的，给宁宁可爱完了，人活着哪有不喜欢宁宁的🥰🥰🥰硬撑罢了，妈的，忍不了😡😡😡一拳把柚子社打爆！👿👿👿,1,
独孤の达,保密,bro以为自己是保科柊史,0,
Asischeeba,保密,七夕节发这个是不是别有用意[doge],1,
゚柚子社official,保密,这是什么游戏？[饿殍表情包2_猫猫穗穗],1,
DeSenter,男,特地挑七夕是吧[笑哭],0,
寒时CYP,男,没在7月21号发 差评[吃瓜],0,
YouMeBetween,男,当我看到这个糊糊的画质和右下角的字体之后就意识到不对，看完之后满意离开[doge],0,
帅气的sbcty250,男,ios怎么下[微笑],0,
Aynomira,保密,nenenenenenenenenenenenenenenenenenenenenenenenenenenenenenenenenenenenenenenenenenenenenenenenenenenenenenenenenenenenenenenenenenenenenenenenenenenenenenenenenenenenenenenenenenenenenenenenenenenenenenenenenenenenenenenenenenenenenenenenenenenenenenenenenenenenenenenenenenenenenenenenenenenenenenenenenenenenenenenenenenenenenenenenenenenenenenenenenenenenenenenenenenenenenenenenenenenenenenenenenenenenenenenenenenenenenenenenenenenenenenenenenenenenenenenenenenenenenenenenenenenenenenenenenenenenenenenenenenenenenenenenenenenenenenenenenenenenenenenenenenenenenenenenenenenenene,0,
无他唯逝,男,真新人，柚子社只玩过千恋万花，看这个op有点兴趣了，但不知道是不是千恋万花那种白开水的，不是很喜欢那种白开水,1,
名字太费脑了不取了,保密,审核：哇去露的太多了吧，等等不对这是什么号？哦～原来是柚子社大人的官方号啊，那么Ciallo～（∠·ω＜）⌒★，过了过了,3,
缘起缘纷,保密,@某丰的摆烂生活 @星宿绫炎 申鹤重云了,0,
神奇的music,男,🤓🍞,0,
溺丶渚,男,谁敢反对宁宁就打爆他的🐶头[tv_生气],1,
三千欲,保密,本来买了恋花准备玩的，结果因为谈恋爱被打乱了原有计划而没空玩,2,
神月烬,保密,你官方投个同人激励活动真的合适么⊙▽⊙,1,
ForeverAndOne486,男,是的 我现实是哥布林小丑 七夕只能看着你们外出开房 我只能去垃圾桶翻翻有没有你们丢下来的东西 对的 我这辈子只能这样了 但是哪怕你们社交能力再强 感觉你们玩yuzusoft的水平不如我  在你们激情运动的时候我不仅会0721 也会与四大名著的女主门同台竞技 你说的对 但是抛开现实不谈 难道我的恋爱水平不高吗 这么多女角色对我倾心 感觉你们真的不如我,0,
改名字只要六个硬币,保密,道理我都懂，但是手机怎么下啊[辣眼睛],0,
椰ZAR,保密,你说的对，但是常年玩柚子社的人都目光炯炯有神，非常自信，且智商逐年上升，最后完全成为天才。玩柚子社会改造身体结构，预防各种不治之症。人一旦开始玩柚子社就说明这个人的智慧品行样貌通通都是上等，这辈子都能在任何地方风姿飒爽。柚子厨具有强烈的社会正义感，对治安稳定有巨大的贡献，保护普通人的生命。,0,
坂下唯维菜,男,受不了了，就这个吧,0,
陈述句少女,保密,@穗织超玩会朝武芳乃 神作来了[笑哭],0,
搜寻星光,保密,@Karrw @憨憨的zig @阿淦啊_ @竹笛挽风,1,
MiguelMing,保密,[热][热][热][热],4,
-孤高的击坠王-,男,"你是一名魔女的夜宴玩家。你推剧情到半夜2点，你决定睡觉了。但是你发现被子有点短，于是不断的调整被子，可不管怎么调整，被子总是短一截。你终于明白，玩了魔女的夜宴，你这被子也就这样了。
通过你不断的调整，你终于发现是被子横了过来，于是你明白了，玩了魔女的夜宴这被子横着走了。",25,
巡海薇塔,保密,[辣眼睛],0,
璃璃宝贝的逆天gachi,男,你知道今天是七夕吧，七夕发个魔女夜宴，暗示玩家只能在家0721是吧😭😭😭别骂了别骂了😭😭😭,0,
这真的是一个新昵称,保密,suki[Mygo表情包_Love][Mygo表情包_Love][Mygo表情包_Love],0,
Taco_73,男,"那么，大家一起唱吧！
啊呐塔no 库累比利🤳📺
琪达给 都哭啦噶哦😋📺
米库那某 油库no投某🤗❤️👍
啊呐塔no 库累比利🤳📺
琪达给 都哭啦噶哦😋📺
米库那某 油库no投某🤗❤️👍
啊呐塔no 库累比利🤳📺
琪达给 都哭啦噶哦😋📺
米库那某 油库no投某🤗❤️👍
啊呐塔no 库累比利🤳📺
琪达给 都哭啦噶哦😋📺
米库那某 油库no投某🤗❤️👍",0,
ALuperc12,男,"我全线通了，最喜欢仮屋和奏
这辈子有了[星空列车与白的旅行表情包_睡了]对了考不考虑出装扮啊",0,
清林114514,保密,我是陵地宁宁的狗！,1,
黄金汉堡包,保密,孩子加面大爹来让华哥回到没有上岸的时候阻止华哥上岸😭,0,
我可是不柚子厨,男,[蔚蓝档案表情包_得意],0,
